date,previous_date,portfolio_value,historical_var_return_500,historical_var_dollar_500
2022-09-01,2022-08-31,10000000.0,0.04886590592414925,488659.05924149253
2022-09-02,2022-09-01,9910863.084908051,0.048895873778024596,484600.3104309475
2022-09-06,2022-09-02,9765568.814044613,0.04851245541443253,473751.72168791207
2022-09-07,2022-09-06,9545855.815239774,0.04841863608378643,462197.31882639107
2022-09-08,2022-09-07,9866089.355528995,0.048332531665598095,476853.0761917255
2022-09-09,2022-09-08,10073299.088432483,0.04796122001975075,483127.713905065
2022-09-12,2022-09-09,10561095.858705463,0.04875980572457242,514956.9823090647
2022-09-13,2022-09-12,10936069.526943505,0.049327597995889046,539450.0412801617
2022-09-14,2022-09-13,10219278.640886892,0.04922545743461717,503048.66574947006
2022-09-15,2022-09-14,10285957.397098104,0.04911030661377444,505146.52158770914
2022-09-16,2022-09-15,10403226.93156138,0.04962585569575531,516269.0384758604
2022-09-19,2022-09-16,10069695.93734168,0.048775853391598845,491158.0127377563
2022-09-20,2022-09-19,10272395.238878025,0.04855955377110033,498822.9289602924
2022-09-21,2022-09-20,9802091.920171957,0.04818215401117154,472285.9025293854
2022-09-22,2022-09-21,9612777.29183756,0.0480643922505633,462032.29837218806
2022-09-23,2022-09-22,9088915.013723046,0.04831246896803683,439107.92455361865
2022-09-26,2022-09-23,8902873.753148405,0.04844422213313557,431292.79372078367
2022-09-27,2022-09-26,8615478.021966236,0.04815127182507335,414846.2241386415
2022-09-28,2022-09-27,8845779.858522119,0.047990987817487396,424517.7134265104
2022-09-29,2022-09-28,9183085.897106625,0.048372064702292786,444204.8251815541
2022-09-30,2022-09-29,8628969.85637097,0.04803366216762567,414481.02293554856
2022-10-03,2022-09-30,8418017.28615826,0.0482597217396298,406251.1718293912
2022-10-04,2022-10-03,8693006.964426368,0.048430894933650194,421010.1069516229
2022-10-05,2022-10-04,9201864.703786252,0.04827079980704976,444181.3689680234
2022-10-06,2022-10-05,8976931.371761924,0.0482075873157403,432756.2029316213
2022-10-07,2022-10-06,8833166.651424365,0.04827626795314562,426432.3201389527
2022-10-10,2022-10-07,8608165.781962337,0.04811370690824747,414170.76545094076
2022-10-11,2022-10-10,8305283.356284683,0.04832811228572415,401378.66660728207
2022-10-12,2022-10-11,8220955.169655784,0.04821680143029768,396388.16298267216
2022-10-13,2022-10-12,8266355.698303169,0.0483693167183935,399837.97687812283
2022-10-14,2022-10-13,8229014.32980892,0.048283657758987034,397326.91159429395
2022-10-17,2022-10-14,7865238.579174562,0.04812467906279704,378512.0823751056
2022-10-18,2022-10-17,8309529.572625647,0.048285048750863445,401226.04051097087
2022-10-19,2022-10-18,8475385.571800193,0.04831940554738136,409525.59261423815
2022-10-20,2022-10-19,8047921.131607957,0.048697250095054746,391911.6280911887
2022-10-21,2022-10-20,8038114.597897899,0.048529278836092114,390083.9046378496
2022-10-24,2022-10-21,8176419.805981873,0.04833828647572371,395234.12292733305
2022-10-25,2022-10-24,8124296.558224041,0.048391868495755636,393149.8906660979
2022-10-26,2022-10-25,8585772.031449905,0.04857832904699898,417082.4588662943
2022-10-27,2022-10-26,8481233.015316255,0.04850392293025459,411373.0725284304
2022-10-28,2022-10-27,8434569.515798034,0.048389526617924845,408144.8260954464
2022-10-31,2022-10-28,8727216.804063976,0.04838489224308007,422265.4446466331
2022-11-01,2022-10-31,8774433.100745654,0.04847202710347049,425314.55907693197
2022-11-02,2022-11-01,8922225.658638278,0.04862946828645984,433883.0897113884
2022-11-03,2022-11-02,8435588.836819543,0.05047695330461565,425802.8238130771
2022-11-04,2022-11-03,8445473.101478592,0.0499208362096079,421605.079411562
2022-11-07,2022-11-04,7906678.758059866,0.048278016289195556,381718.7658750507
2022-11-08,2022-11-07,8011890.26207373,0.04805224611502968,384989.32271977654
2022-11-09,2022-11-08,8043952.324439615,0.0489495320947116,393747.7024734869
2022-11-10,2022-11-09,7640113.384689374,0.04875544578201638,372497.1338956804
2022-11-11,2022-11-10,8522095.78712951,0.04950351366004862,421873.68521040847
2022-11-14,2022-11-11,9044516.296930967,0.05005104260099309,452687.47048306814
2022-11-15,2022-11-14,8768759.117851237,0.04985019533946446,437124.3549095942
2022-11-16,2022-11-15,9078945.653473025,0.049650386948115174,450773.1647758441
2022-11-17,2022-11-16,8642136.21533389,0.04937971079316434,426746.1869483193
2022-11-18,2022-11-17,8795362.682145962,0.04949023604675257,435284.5752562024
2022-11-21,2022-11-18,8744073.175252141,0.04955349577041108,433299.393106022
2022-11-22,2022-11-21,8502188.19172071,0.04902674063350534,416834.575292743
2022-11-23,2022-11-22,8795456.055794125,0.04867630831773842,428130.33076695434
2022-11-25,2022-11-23,8953961.63792393,0.04914167250763445,440012.6504567799
2022-11-28,2022-11-25,8936060.066386767,0.049111716392831586,438865.2476496947
2022-11-29,2022-11-28,8727896.347131198,0.048710419203696564,425139.4898351726
2022-11-30,2022-11-29,8735395.091992255,0.04873884055069384,425753.0285359241
2022-12-01,2022-11-30,9101754.3875616,0.04938454658933507,449486.01359722076
2022-12-02,2022-12-01,9254402.47009653,0.04935876371251967,456785.864822053
2022-12-05,2022-12-02,9349180.623296767,0.04938535317417159,461712.5869706325
2022-12-06,2022-12-05,8885305.624578955,0.04937701755489823,438729.891805471
2022-12-07,2022-12-06,8599795.142574808,0.04905524020809749,421865.0164594372
2022-12-08,2022-12-07,8435382.894525763,0.04763822164333864,401846.63997584576
2022-12-09,2022-12-08,8639528.81302812,0.048256834807890336,416916.3147483068
2022-12-12,2022-12-09,8513009.572852641,0.048435894552886154,412335.2339984009
2022-12-13,2022-12-12,8448102.889969693,0.048582279108278094,410428.09253595845
2022-12-14,2022-12-13,8370319.7116756085,0.048696723277803215,407607.1427462087
2022-12-15,2022-12-14,8383152.4693261115,0.04874410866392657,408629.29491109634
2022-12-16,2022-12-15,8112937.788582365,0.04792135241310466,388782.9508722495
2022-12-19,2022-12-16,7920930.421644214,0.04805327720770766,380626.6652942341
2022-12-20,2022-12-19,7737814.672503866,0.04740762679631944,366831.43021314807
2022-12-21,2022-12-20,7748437.531121597,0.04742165503380212,367443.7316518137
2022-12-22,2022-12-21,7858472.582786587,0.04798979309253016,377126.4732712494
2022-12-23,2022-12-22,7636027.047471923,0.04782376372561309,365183.55332068814
2022-12-27,2022-12-23,7704091.375627687,0.04759222213669271,366654.8281102514
2022-12-28,2022-12-27,7589372.111756637,0.04694394751940433,356275.0861195344
2022-12-29,2022-12-28,7442589.488450528,0.047081162316572375,350405.76376135467
2022-12-30,2022-12-29,7679143.353085926,0.04747792695452564,364589.8071911447
2023-01-03,2022-12-30,7734616.3404145995,0.04756274378550469,367879.5752783175
2023-01-04,2023-01-03,7628441.59779021,0.04755219233865934,362749.1221023498
2023-01-05,2023-01-04,8097237.69264383,0.04773242199154241,386500.7665110984
2023-01-06,2023-01-05,8006826.994138036,0.047317204349750244,378860.66907472594
2023-01-09,2023-01-06,8163808.782071837,0.047270095849672636,385904.02362693497
2023-01-10,2023-01-09,8182564.219233433,0.04680047911597124,382947.92585732776
2023-01-11,2023-01-10,8458721.028625637,0.04754218192155733,402146.0539666226
2023-01-12,2023-01-11,8749695.678655498,0.0481119078186885,420964.55193305045
2023-01-13,2023-01-12,8983952.662185391,0.04865495699522692,437113.83042578463
2023-01-17,2023-01-13,9030271.070497906,0.048851867135749134,441145.6025357628
2023-01-18,2023-01-17,9103856.110745644,0.04880348566292806,444299.9111781351
2023-01-19,2023-01-18,8937983.511601796,0.04839486619322975,432552.51608126273
2023-01-20,2023-01-19,8659961.071111618,0.04831040692616278,418366.2433101307
2023-01-23,2023-01-20,8955409.588080833,0.04906101659644639,439361.4984288089
2023-01-24,2023-01-23,9497439.866007164,0.04916936930937307,466983.128265269
2023-01-25,2023-01-24,9320744.96806209,0.04873703317718972,454265.4567445662
2023-01-26,2023-01-25,9306644.197444541,0.0488546562390749,454672.9030055342
2023-01-27,2023-01-26,9321334.853814503,0.048898414388673976,455798.49433741136
2023-01-30,2023-01-27,9697526.210146612,0.04879506233736383,473191.39594232355
2023-01-31,2023-01-30,9529689.652963664,0.04860847032812901,463223.6367323623
2023-02-01,2023-01-31,9807043.991302852,0.0487869903120044,478456.1601930932
2023-02-02,2023-02-01,10333189.129155876,0.04856880432980946,501870.6409168859
2023-02-03,2023-02-02,10734308.710603993,0.04933235506999836,529548.7287424925
2023-02-06,2023-02-03,10532291.013944175,0.04912123324313226,517359.12348049774
2023-02-07,2023-02-06,10406926.583571132,0.0492490773247116,512531.5320268914
2023-02-08,2023-02-07,10331904.8677316,0.04912251321062505,507529.13335606677
2023-02-09,2023-02-08,10158150.143698283,0.04928398999121333,500634.1700112684
2023-02-10,2023-02-09,9765623.456244012,0.048468493250514146,473325.0545760255
2023-02-13,2023-02-10,9488840.046829449,0.048683134532109616,461946.4765534674
2023-02-14,2023-02-13,9633362.520505086,0.048511181464938054,467325.79734975524
2023-02-15,2023-02-14,9675624.151893891,0.04876352332258358,471817.52399143076
2023-02-16,2023-02-15,10114137.057224695,0.04907720215335372,496373.54896414245
2023-02-17,2023-02-16,9979148.65134021,0.04970588031233512,496022.3684825169
2023-02-21,2023-02-17,10195812.33913862,0.04959491294230827,505660.4253356923
2023-02-22,2023-02-21,9516134.548646096,0.04995525214524068,475380.9008256518
2023-02-23,2023-02-22,9629867.78743211,0.049960123872517755,481109.3875360767
2023-02-24,2023-02-23,9357416.160577,0.049762372340234035,465647.2271251558
2023-02-27,2023-02-24,9127348.317507455,0.04912653231757134,448394.9720937604
2023-02-28,2023-02-27,9222330.819047598,0.04946075169710168,456143.4147094416
2023-03-01,2023-02-28,9261891.056346277,0.049625724653069976,459628.05532897176
2023-03-02,2023-03-01,9055570.843991568,0.04965865615002913,449687.4787840064
2023-03-03,2023-03-02,9133433.085401302,0.04962567820576306,453252.81120999466
2023-03-06,2023-03-03,9336603.840656947,0.04957801857923978,462890.31867909164
2023-03-07,2023-03-06,9146913.879506528,0.049544212680015326,453176.64661205554
2023-03-08,2023-03-07,9172776.090603491,0.04928434859746933,452074.2944558344
2023-03-09,2023-03-08,9227178.123908361,0.049188770466325346,453873.54678882693
2023-03-10,2023-03-09,8921946.548276799,0.04903263508085597,437466.54931255884
2023-03-13,2023-03-10,8682710.087863334,0.0487914957202791,423642.412092408
2023-03-14,2023-03-13,8590762.59804976,0.048907971292811096,420156.7705287729
2023-03-15,2023-03-14,8593621.396799335,0.0490373878459754,421408.7454363219
2023-03-16,2023-03-15,8500149.597657967,0.04919789485301455,418189.4661404706
2023-03-17,2023-03-16,8637348.301665371,0.049282091173483436,425666.58649980515
2023-03-20,2023-03-17,8498148.12908112,0.04904404621747552,416783.5696056076
2023-03-21,2023-03-20,8413465.878672367,0.04860451175266757,408932.40118059865
2023-03-22,2023-03-21,8745575.46290097,0.04908659858382627,429290.5521319805
2023-03-23,2023-03-22,8704241.628810266,0.04955941364339871,431377.1113342985
2023-03-24,2023-03-23,8651463.753245631,0.04973149883267918,430250.2595455014
2023-03-27,2023-03-24,8669140.413506266,0.049649335024793025,430417.05676714535
2023-03-28,2023-03-27,8645976.658335745,0.04962395994756926,429047.5994008717
2023-03-29,2023-03-28,8634960.079217428,0.04949916994187344,427423.35640247643
2023-03-30,2023-03-29,8792889.848534692,0.04942022041356313,434546.5543867662
2023-03-31,2023-03-30,8704221.447224688,0.04943490548813006,430292.36459130706
2023-04-03,2023-03-31,9081031.579310115,0.049560709911681246,450062.3718010052
2023-04-04,2023-04-03,9125995.074716726,0.04969081309867308,453478.1155971599
2023-04-05,2023-04-04,9082707.910788782,0.04956661014549134,450199.0420794377
2023-04-06,2023-04-05,8742398.676998861,0.049645872811056375,434024.012781833
2023-04-10,2023-04-06,8798635.50961293,0.0495062430301327,435587.38787245314
2023-04-11,2023-04-10,8938787.490595832,0.04975227640216727,444725.02593235904
2023-04-12,2023-04-11,9005413.186673947,0.049502890027237706,445793.97862975666
2023-04-13,2023-04-12,8750289.335287446,0.049395546427560014,432225.3231157743
2023-04-14,2023-04-13,8870893.622698091,0.04963459626787354,440303.22349787387
2023-04-17,2023-04-14,8864838.726274652,0.0494646427415418,438496.0805565602
2023-04-18,2023-04-17,8954283.056763886,0.04957257829048532,443886.89786659396
2023-04-19,2023-04-18,9066478.861035042,0.04941265867945363,447998.825384806
2023-04-20,2023-04-19,9095718.163550103,0.049493313039992916,450177.22639213473
2023-04-21,2023-04-20,8961786.313209537,0.049048958200079595,439566.28227466
2023-04-24,2023-04-21,9050020.580259863,0.049033135472583034,443750.8851415464
2023-04-25,2023-04-24,9028184.560375435,0.04919111939010101,444106.50458529464
2023-04-26,2023-04-25,8744783.833514635,0.048923061657822835,427821.5986713688
2023-04-27,2023-04-26,8652141.23501855,0.0488838250425961,422949.7583764781
2023-04-28,2023-04-27,8755062.82249572,0.04885249519181431,427706.66444000433
2023-05-01,2023-04-28,8783741.336599689,0.04876145353660451,428307.9950621581
2023-05-02,2023-05-01,8716905.07020684,0.048838868153957375,425723.7774343944
2023-05-03,2023-05-02,8717583.748849822,0.04869911817081585,424538.64114922134
2023-05-04,2023-05-03,8669819.743638579,0.048525475033947676,420707.1215187605
2023-05-05,2023-05-04,8665108.225581845,0.04902850957234046,424837.34158330556
2023-05-08,2023-05-05,9216171.363043366,0.04938173525200853,455110.5342869501
2023-05-09,2023-05-08,9246411.750285458,0.04943572031815732,457103.0252336354
2023-05-10,2023-05-09,9207040.276752625,0.04919103025801821,452903.7968405307
2023-05-11,2023-05-10,9243552.78765154,0.04958583072532115,458349.2438290597
2023-05-12,2023-05-11,9221310.437837642,0.04931138974056517,454715.6329189536
2023-05-15,2023-05-12,9050084.960177796,0.04898862176325004,443351.18903942785
2023-05-16,2023-05-15,9220171.617909126,0.04905233037659659,452270.90433059755
2023-05-17,2023-05-16,8886986.50008572,0.04922489543234961,437460.98117542226
2023-05-18,2023-05-17,9233240.116199313,0.04917946050618365,454085.76763873466
2023-05-19,2023-05-18,9489207.71637591,0.049621701361576384,470870.6314599716
2023-05-22,2023-05-19,9165559.51534394,0.048982601613293056,448952.9503030196
2023-05-23,2023-05-22,9426972.84490137,0.04951124356615311,466741.148615423
2023-05-24,2023-05-23,9293635.744223353,0.04947333640886889,459787.1676354505
2023-05-25,2023-05-24,9322392.94317105,0.04946315823993863,461114.9973229569
2023-05-26,2023-05-25,9121854.962127665,0.04941211140845503,450730.1136404205
2023-05-30,2023-05-26,9199609.44767889,0.04957488156709446,456069.54883220425
2023-05-31,2023-05-30,9406662.587357553,0.05023747813897794,472567.00609311677
2023-06-01,2023-05-31,9311329.433846248,0.05010601669621339,466553.6280762433
2023-06-02,2023-06-01,9592521.571167002,0.05094196234720222,488661.87269311445
2023-06-05,2023-06-02,9829189.258062426,0.05079170523438984,499241.2834885377
2023-06-06,2023-06-05,9909084.796317533,0.05080769162512998,503457.7246185651
2023-06-07,2023-06-06,10243103.368625918,0.050942417510914086,521808.44841199205
2023-06-08,2023-06-07,10387990.705444543,0.050913674083010674,528890.7731543476
2023-06-09,2023-06-08,10633805.416898545,0.0508519706920038,540749.961404596
2023-06-12,2023-06-09,10496117.858700464,0.050794382002571394,533143.820058843
2023-06-13,2023-06-12,10681674.665800823,0.05128960667356088,547858.8922238641
2023-06-14,2023-06-13,10951539.094323145,0.05167464485479689,565916.8933125725
2023-06-15,2023-06-14,10774937.303321332,0.05143969002022215,554259.4348701776
2023-06-16,2023-06-15,10860135.962543642,0.05108983001095157,554842.5002221765
2023-06-20,2023-06-16,10742867.224573368,0.05100232851791782,547911.243412063
2023-06-21,2023-06-20,10676245.025399854,0.05063634555680275,540606.0323552433
2023-06-22,2023-06-21,10592645.299861204,0.05073483225554738,537416.0824309706
2023-06-23,2023-06-22,10678105.172308471,0.05130639760842961,547855.1096750872
2023-06-26,2023-06-23,10434475.246518558,0.05039179752033921,525811.9638535548
2023-06-27,2023-06-26,10451154.082952134,0.05021098467675517,524762.7375135169
2023-06-28,2023-06-27,10898186.023092628,0.050877111885829794,554468.2296494701
2023-06-29,2023-06-28,10978946.109312633,0.051354131245407095,563814.2394338925
2023-06-30,2023-06-29,11053156.912484307,0.05130827231854856,567118.3848453922
2023-07-03,2023-06-30,11130068.509076092,0.05073556466779817,564690.310599254
2023-07-05,2023-07-03,11197579.915639233,0.050729434979561665,568046.902258866
2023-07-06,2023-07-05,11048662.397571282,0.0509709546519912,563160.8700317662
2023-07-07,2023-07-06,10613184.842655184,0.050859192201507995,539778.0077827314
2023-07-10,2023-07-07,10959515.020711433,0.050900541039061956,557845.2440799383
2023-07-11,2023-07-10,11563785.533251699,0.05063301949990376,585509.3783978382
2023-07-12,2023-07-11,11916943.187721511,0.05066529983120009,603775.4996772878
2023-07-13,2023-07-12,12090130.13439992,0.05202056970636263,628935.4574155465
2023-07-14,2023-07-13,12129279.401514648,0.052402899178982186,635609.4055912774
2023-07-17,2023-07-14,11927558.533011481,0.05216704595824643,622225.4941612843
2023-07-18,2023-07-17,11964700.134134695,0.05230490303808866,625812.4803957216
2023-07-19,2023-07-18,12089968.825372932,0.052910517780850104,639686.5105048179
2023-07-20,2023-07-19,12640060.834105484,0.057737333313784354,729803.4054852594
2023-07-21,2023-07-20,12171186.168271776,0.05721678955484088,696396.1976227964
2023-07-24,2023-07-21,12107812.629820365,0.05710217457196617,691382.4304726593
2023-07-25,2023-07-24,12115024.109614115,0.05710102267107439,691780.2663436885
2023-07-26,2023-07-25,12031558.607876787,0.056691778909485985,682090.4605342738
2023-07-27,2023-07-26,12137062.23374296,0.0563587994903668,684030.2568336228
2023-07-28,2023-07-27,11911742.648877913,0.05381734298035188,641058.3396283479
2023-07-31,2023-07-28,12604637.735065283,0.05488616583731947,691820.237046128
2023-08-01,2023-07-31,12997900.083953055,0.055501242079003026,721399.5990781722
2023-08-02,2023-08-01,13032174.818616522,0.057359537926014705,747519.5257668882
2023-08-03,2023-08-02,12779103.593061578,0.05760702043704773,736166.0818526484
2023-08-04,2023-08-03,13049105.620754171,0.05756284665940461,751143.6658898471
2023-08-07,2023-08-04,12879095.013185788,0.05535250491438314,712890.1700101737
2023-08-08,2023-08-07,12964167.882905662,0.05431087914418056,704095.3550933566
2023-08-09,2023-08-08,12863137.018924344,0.05398058966141587,694359.7211771233
2023-08-10,2023-08-09,12283997.841809679,0.05271371560979884,647535.168784538
2023-08-11,2023-08-10,12228798.52172705,0.05112012472498499,625137.7056673989
2023-08-14,2023-08-11,12249228.090047859,0.05286340772237208,647535.938808533
2023-08-15,2023-08-14,12431854.060813805,0.05262891641090782,654275.0081991747
2023-08-16,2023-08-15,12217414.346070373,0.052236070821268445,638189.7210341131
2023-08-17,2023-08-16,11924847.96542808,0.05189365851620918,618823.9881756366
2023-08-18,2023-08-17,11568734.748839715,0.051604241487879184,596995.781688344
2023-08-21,2023-08-18,11719792.798853936,0.0521457517606247,611137.4059749943
2023-08-22,2023-08-21,11742089.315554405,0.053362513744208785,626587.402486999
2023-08-23,2023-08-22,11117663.437841173,0.054191678009845784,602484.837245324
2023-08-24,2023-08-23,11451419.536237264,0.05486752215569628,628311.0151186712
2023-08-25,2023-08-24,11138321.11025065,0.05332639235774815,593966.4817318151
2023-08-28,2023-08-25,11408746.974643184,0.05640776149158849,643541.8782635545
2023-08-29,2023-08-28,11645941.222551715,0.05676870009224639,661124.9445549676
2023-08-30,2023-08-29,11956185.264793677,0.05712211654304284,682962.608105756
2023-08-31,2023-08-30,12202374.648830807,0.05746870736061269,701254.6977982167
2023-09-01,2023-08-31,12241449.888638454,0.05759174051051792,705006.4054589743
2023-09-05,2023-09-01,12442952.896818778,0.05745843450505778,714952.5940713808
2023-09-06,2023-09-05,12441653.308649518,0.05768146473398562,717652.7865553426
2023-09-07,2023-09-06,12384646.845040662,0.057954154164560304,717741.7325311219
2023-09-08,2023-09-07,12078002.017341048,0.05785084929516338,698722.6744918763
2023-09-11,2023-09-08,11787753.718587432,0.05720002990973295,674259.8652717669
2023-09-12,2023-09-11,12068072.21872551,0.057746279931104566,696886.2765713094
2023-09-13,2023-09-12,11927215.82966896,0.057378825634158255,684369.6373915474
2023-09-14,2023-09-13,11855068.833336528,0.057133385788575755,677320.2212051366
2023-09-15,2023-09-14,12146562.47055244,0.057518674350075384,698654.171216553
2023-09-18,2023-09-15,11932441.410316532,0.057220092437397035,682775.4005021362
2023-09-19,2023-09-18,11610846.446009522,0.0571719126062132,663814.2982954176
2023-09-20,2023-09-19,11378810.278526125,0.05674606436856174,645702.7005028955
2023-09-21,2023-09-20,11191996.939565541,0.05635590297675942,630735.093642344
2023-09-22,2023-09-21,10915999.976117976,0.05615846230641402,613025.7731956377
2023-09-25,2023-09-22,10740294.96819388,0.056095271554615446,602479.7628175055
2023-09-26,2023-09-25,10627765.829874277,0.05609859497538037,596202.7307833043
2023-09-27,2023-09-26,10436092.041711913,0.055760211045708656,581918.6947382968
2023-09-28,2023-09-27,10608899.73791873,0.05560656642182622,589924.4879390727
2023-09-29,2023-09-28,10696329.424638629,0.05560926920342555,594815.0624632514
2023-10-02,2023-09-29,10847493.751505448,0.05567221693515288,603904.0253365267
2023-10-03,2023-10-02,10630605.914804406,0.05556612841632773,590701.6134053947
2023-10-04,2023-10-03,10232307.04478122,0.05556417472699513,568549.6964964869
2023-10-05,2023-10-04,10281545.63967865,0.055596994129788045,571623.0325743618
2023-10-06,2023-10-05,9965554.132848011,0.05552573959024187,553344.7636529773
2023-10-09,2023-10-06,10209880.864729136,0.05627172854331799,574527.6444796547
2023-10-10,2023-10-09,10130603.950932281,0.05623100315756623,569654.0227529261
2023-10-11,2023-10-10,10325661.219140222,0.05616857758255523,579977.7032784594
2023-10-12,2023-10-11,10276118.844118219,0.055941378704906945,574860.2558754479
2023-10-13,2023-10-12,9782035.55948535,0.0547436526941081,535504.3573098814
2023-10-16,2023-10-13,9655796.45134056,0.054511217174455666,526349.2173513636
2023-10-17,2023-10-16,9904304.69876145,0.05450669423836414,539850.9078589836
2023-10-18,2023-10-17,10032181.767834248,0.05403418621368799,542080.7777727214
2023-10-19,2023-10-18,9628772.236901138,0.053214528562948865,512390.57522670465
2023-10-20,2023-10-19,9387899.313953336,0.053256090671937914,499962.8170829226
2023-10-23,2023-10-20,9311264.575086577,0.05268881674208007,490599.5128337587
2023-10-24,2023-10-23,9302552.16990444,0.05350786946236938,497759.74717412784
2023-10-25,2023-10-24,9428860.759169333,0.05363106691497949,505679.86230703484
2023-10-26,2023-10-25,9093823.37598658,0.05237904211874972,476325.75763127184
2023-10-27,2023-10-26,8895726.345404686,0.052023691573250624,462788.52371337335
2023-10-30,2023-10-27,8839684.085857548,0.0526312104498097,465243.2734326023
2023-10-31,2023-10-30,8959643.334081326,0.05212354527137975,467008.3749394038
2023-11-01,2023-10-31,9110067.326713067,0.05191635772502021,472961.5142326541
2023-11-02,2023-11-01,9051420.501711912,0.051617049836841476,467207.62313107244
2023-11-03,2023-11-02,9792373.046496868,0.052607108318617306,515148.4295533693
2023-11-06,2023-11-03,10516321.918319223,0.053210219129824786,559575.7937135452
2023-11-07,2023-11-06,10423587.59947213,0.0541556555762007,564496.2199053693
2023-11-08,2023-11-07,10497371.78086335,0.05462460318676357,573414.7680335902
2023-11-09,2023-11-08,10442303.344748223,0.054653379603966164,570707.1686402902
2023-11-10,2023-11-09,10012602.669041447,0.0540868608217938,541550.2470243659
2023-11-13,2023-11-10,10025633.175060613,0.05382590368502239,539638.7656621777
2023-11-14,2023-11-13,9959703.718780348,0.05364784451862901,534316.6365567392
2023-11-15,2023-11-14,10606116.132805742,0.05435650037075554,576511.3555051317
2023-11-16,2023-11-15,10857988.798941262,0.054359664109778646,590236.6240181859
2023-11-17,2023-11-16,10599501.950203752,0.054193097062283035,574419.8379992503
2023-11-20,2023-11-17,10871650.57943939,0.05403695363818517,587470.8783317152
2023-11-21,2023-11-20,11037643.53120614,0.05421934993301426,598453.8570543369
2023-11-22,2023-11-21,10925692.774367278,0.053864103451241485,588502.6458750006
2023-11-24,2023-11-22,10978358.812972963,0.05383774142569753,591050.043051366
2023-11-27,2023-11-24,11042011.868617294,0.05382069176910681,594288.7172916705
2023-11-28,2023-11-27,11176654.585176716,0.053668707499301256,599836.6057525733
2023-11-29,2023-11-28,11416536.022072397,0.05294367736972574,604433.3998324531
2023-11-30,2023-11-29,11662094.533957766,0.05318286849812411,620223.6400121679
2023-12-01,2023-11-30,11496105.340677548,0.05300171278843225,609313.2734521535
2023-12-04,2023-12-01,11986094.853667714,0.05350172179891784,641276.7123163708
2023-12-05,2023-12-04,12248748.225739494,0.05348246303828063,655093.2242483179
2023-12-06,2023-12-05,11899938.086093849,0.053898395100164996,641387.5646317875
2023-12-07,2023-12-06,11806607.567334734,0.053133299285544375,627324.0134221694
2023-12-08,2023-12-07,11815061.930007966,0.052905734146798625,625084.5253969629
2023-12-11,2023-12-08,11874108.177611016,0.05361013931400571,636572.5936313011
2023-12-12,2023-12-11,11999270.192938428,0.05311558336618433,637348.2362663918
2023-12-13,2023-12-12,11902750.178330448,0.05309835463835116,632016.4501406876
2023-12-14,2023-12-13,12535299.43083155,0.054526694362904936,683508.4408124482
2023-12-15,2023-12-14,13121180.891440727,0.05563719074782171,730025.644093761
2023-12-18,2023-12-15,12966328.313058011,0.05561120404421008,721073.1295216873
2023-12-19,2023-12-18,12952673.197881239,0.05604426103299928,725922.9977771897
2023-12-20,2023-12-19,13315150.980210913,0.05647188613302174,751931.6899984635
2023-12-21,2023-12-20,12867083.54274537,0.05618001858758512,722872.9925994455
2023-12-22,2023-12-21,13109755.934769366,0.056386521460073384,739213.5343521973
2023-12-26,2023-12-22,12934461.188895332,0.056121335418511796,725899.2348397177
2023-12-27,2023-12-26,12966822.58677736,0.05575083145525682,722911.1405456418
2023-12-28,2023-12-27,13034205.86861806,0.0557275362878649,726364.1805269145
2023-12-29,2023-12-28,13061563.94291408,0.05574515535851341,728118.9112229024
2024-01-02,2023-12-29,12802987.612332262,0.05547340310489842,710225.2927659285
2024-01-03,2024-01-02,12452592.106481496,0.05501891162717465,685128.064635758
2024-01-04,2024-01-03,11923466.179234907,0.053990574930163814,643754.7941772563
2024-01-05,2024-01-04,11924613.458285606,0.05457775342424669,650818.6130057654
2024-01-08,2024-01-05,11973019.463716934,0.05468401855059659,654732.8184605509
2024-01-09,2024-01-08,12300577.258019716,0.054555812834615594,671067.9906462526
2024-01-10,2024-01-09,12224816.928274546,0.05451662069221203,666455.707510476
2024-01-11,2024-01-10,12163859.372729942,0.054277798464706636,660227.5075860687
2024-01-12,2024-01-11,11982951.56429107,0.05424895622109429,650062.6148107195
2024-01-16,2024-01-12,11699413.927469797,0.05350201036557959,625942.1652186953
2024-01-17,2024-01-16,11694708.334680362,0.05374157932050853,628492.0955984369
2024-01-18,2024-01-17,11726826.297708109,0.05349688366506824,627348.6622089536
2024-01-19,2024-01-18,11918028.938962432,0.0530898161418123,632725.9651423139
2024-01-22,2024-01-19,12173466.089200221,0.05352348038555447,651566.2734495205
2024-01-23,2024-01-22,12540246.532125201,0.05389376920234883,675841.1523429109
2024-01-24,2024-01-23,12409597.945915528,0.053645537237456804,665719.5487094789
2024-01-25,2024-01-24,12094610.36155404,0.052395061054544084,633697.8483245454
2024-01-26,2024-01-25,12203625.849995358,0.05184271370975275,632669.0811622473
2024-01-29,2024-01-26,12276496.57296253,0.05179156749950206,635819.0009159946
2024-01-30,2024-01-29,12525183.196899556,0.05338072675613207,668603.381804192
2024-01-31,2024-01-30,12372946.904252024,0.05296460837797508,655328.2872651876
2024-02-01,2024-01-31,12025552.900262011,0.052935389988854435,636577.332606969
2024-02-02,2024-02-01,12238412.320608845,0.052645062155090835,644291.9772980821
2024-02-05,2024-02-02,12383012.894649114,0.05265105419146627,651978.6829697961
2024-02-06,2024-02-05,12202134.730593769,0.05296788840518526,646321.310715126
2024-02-07,2024-02-06,12507343.754101144,0.05401115175987838,675536.0416157239
2024-02-08,2024-02-07,12588528.645357389,0.0537974781366805,677231.0945715903
2024-02-09,2024-02-08,12866025.853146039,0.05438443876412945,699711.5951481271
2024-02-12,2024-02-09,13071471.67917801,0.054304553207204516,709840.4292983892
2024-02-13,2024-02-12,13397631.455031833,0.054306436941037664,727577.6277719489
2024-02-14,2024-02-13,12825788.231703458,0.054057210454312936,693326.333683644
2024-02-15,2024-02-14,13093567.741071012,0.054480303688804035,713341.5469034766
2024-02-16,2024-02-15,13464101.07396367,0.05457877567889251,734854.1522337989
2024-02-20,2024-02-16,12901265.896439549,0.05298588800248079,683585.0298789708
2024-02-21,2024-02-20,12564675.61307606,0.052922018109933334,664947.9903406489
2024-02-22,2024-02-21,12306287.605777651,0.05253152046451033,646467.9992050586
2024-02-23,2024-02-22,12567448.150377257,0.053072221275614624,666982.3891066355
2024-02-26,2024-02-23,13136517.844713122,0.054751918006322856,719249.5479223299
2024-02-27,2024-02-26,13109544.01434388,0.05492558595634684,720049.386608357
2024-02-28,2024-02-27,13713239.045141581,0.05566024179725066,763282.2010760792
2024-02-29,2024-02-28,13573808.969638452,0.05528304358659307,750401.4729046104
2024-03-01,2024-02-29,13654549.871981686,0.05557395176763818,758837.2959943203
2024-03-04,2024-03-01,13949691.475882027,0.05648417298086485,787936.7863534163
2024-03-05,2024-03-04,13966653.56641935,0.05572987927221061,778359.9170933402
2024-03-06,2024-03-05,13618818.105511291,0.055666074823325244,758106.147666648
2024-03-07,2024-03-06,13532830.790164705,0.05604252737679671,758414.0400433629
2024-03-08,2024-03-07,13667606.417761233,0.05607958386311997,766473.6803129577
2024-03-11,2024-03-08,13887085.739555087,0.05663999555100104,786564.4745047701
2024-03-12,2024-03-11,13687052.133893287,0.05575048909700741,763059.8507607897
2024-03-13,2024-03-12,13854217.796312006,0.055459829720007583,768352.5598873625
2024-03-14,2024-03-13,14200764.690935215,0.05569025709570561,790844.2365938006
2024-03-15,2024-03-14,14283738.68044195,0.055122732209044165,787358.7022259674
2024-03-18,2024-03-15,14153390.570827838,0.055398297421645336,784073.7403674312
2024-03-19,2024-03-18,14218573.854088372,0.05571030229452529,792121.0476082967
2024-03-20,2024-03-19,14223504.890754119,0.05526162211310605,786013.9523967698
2024-03-21,2024-03-20,14851103.83073358,0.0559049040606731,830249.5348522555
2024-03-22,2024-03-21,15231880.782076433,0.05596927564837519,852517.3341352246
2024-03-25,2024-03-22,14880441.631177833,0.05580741206366424,830438.9378004454
2024-03-26,2024-03-25,14973417.776738383,0.056132911252532385,840501.5312087464
2024-03-27,2024-03-26,15190355.257874973,0.05655031806441598,859019.4213443034
2024-03-28,2024-03-27,15163501.454061506,0.05569827440389564,844580.8649121883
2024-04-01,2024-03-28,15362307.342852665,0.05484147147897956,842491.5399943728
2024-04-02,2024-04-01,15155075.81244423,0.05472550946107741,829369.2447572622
2024-04-03,2024-04-02,14656521.532509921,0.0553606130947273,811394.0178758213
2024-04-04,2024-04-03,14389673.217482533,0.05564141948557403,800661.8437542754
2024-04-05,2024-04-04,14253434.0347362,0.055629227397535314,792907.5231141093
2024-04-08,2024-04-05,14422626.719704669,0.055792265106499525,804671.0134778465
2024-04-09,2024-04-08,14401383.194413323,0.05551612005266665,799508.918345506
2024-04-10,2024-04-09,14485472.505123166,0.05582672113954612,808676.4341180736
2024-04-11,2024-04-10,14091220.652653325,0.05535576851876833,780030.3485951651
2024-04-12,2024-04-11,14240411.964615729,0.05535450467633645,788270.9506882789
2024-04-15,2024-04-12,13724875.802092675,0.055087911717281585,756074.7465163355
2024-04-16,2024-04-15,13266518.73439464,0.05486939045005238,727925.7963504343
2024-04-17,2024-04-16,13326556.554588499,0.05474048343869744,729502.1483713165
2024-04-18,2024-04-17,13044405.272230737,0.05478074863599389,714582.2863241055
2024-04-19,2024-04-18,13077057.783675501,0.0549467927317347,718542.3835805358
2024-04-22,2024-04-19,12982287.991104282,0.05481074716470685,711568.9046998268
2024-04-23,2024-04-22,13100711.192560272,0.05484018874309925,718445.4744688382
2024-04-24,2024-04-23,13612562.519381545,0.05395494532579194,734465.0664771559
2024-04-25,2024-04-24,13554420.675061146,0.05363146760845118,726943.4733858628
2024-04-26,2024-04-25,13546191.763535554,0.0542490351931216,734867.8337128143
2024-04-29,2024-04-26,13912943.241496807,0.05493140406788238,764257.5069721744
2024-04-30,2024-04-29,13895470.629382297,0.0550085921366459,764370.276398433
2024-05-01,2024-04-30,13595716.368479546,0.05504308646772949,748350.1916609448
2024-05-02,2024-05-01,13633249.907330262,0.055814464025559764,760932.5365041508
2024-05-03,2024-05-02,14952187.00881164,0.05949075653258441,889516.9169708849
2024-05-06,2024-05-03,15401588.390578667,0.05966230898115809,918894.3253593218
2024-05-07,2024-05-06,15843369.037271615,0.057456389156067135,910302.7769486626
2024-05-08,2024-05-07,15506639.104473185,0.05762102009151982,893508.3633907964
2024-05-09,2024-05-08,15262551.085422656,0.05682513718086419,867296.55915909
2024-05-10,2024-05-09,15818256.121126097,0.05680229916140573,898513.316403942
2024-05-13,2024-05-10,15496866.843039464,0.056958406375121,882676.8391869803
2024-05-14,2024-05-13,16105860.450322498,0.056235815885977876,905726.2029695887
2024-05-15,2024-05-14,17140600.65392534,0.05501359988449128,942966.1461548983
2024-05-16,2024-05-15,16955065.98289188,0.05407006130146883,916761.4570654129
2024-05-17,2024-05-16,16092570.811764164,0.05429469907667052,873741.2895947467
2024-05-20,2024-05-17,15788161.553298136,0.054324564882535696,857685.0066781002
2024-05-21,2024-05-20,15838813.572271809,0.05424790187584229,859222.4044983601
2024-05-22,2024-05-21,15504155.38778095,0.05320143671492973,824843.341681465
2024-05-23,2024-05-22,15186150.161832927,0.05350159722627288,812483.289376084
2024-05-24,2024-05-23,14772321.07520755,0.052990126825758585,782787.1672860745
2024-05-28,2024-05-24,14865429.193567581,0.05276320176739857,784347.6398991833
2024-05-29,2024-05-28,14651385.591017855,0.05157432042053408,755635.255075951
2024-05-30,2024-05-29,14785901.015791973,0.05046548572741346,746177.676679398
2024-05-31,2024-05-30,14861625.361046994,0.05012029230029556,744869.0071531609
2024-06-03,2024-05-31,14881630.103594411,0.049333283255065474,734159.6731977324
2024-06-04,2024-06-03,14925974.317314632,0.04907463876533253,732486.7978428464
2024-06-05,2024-06-04,14666888.751380736,0.04986477792070982,731361.1503753574
2024-06-06,2024-06-05,15122500.087884266,0.0495820459577353,749804.4943533337
2024-06-07,2024-06-06,15654955.421599966,0.05101935760826359,798705.7689960335
2024-06-10,2024-06-07,14962913.306378143,0.05038941725499075,753972.4819453415
2024-06-11,2024-06-10,14956984.051198823,0.0493225249121089,737716.2184752695
2024-06-12,2024-06-11,15073492.640534328,0.04901673286163711,738853.3620529241
2024-06-13,2024-06-12,15203911.263707351,0.04964689693577462,754827.0155299418
2024-06-14,2024-06-13,14967612.127779074,0.04904421105231144,734074.7281439331
2024-06-17,2024-06-14,14534288.83148771,0.04905282619578412,712947.9439302929
2024-06-18,2024-06-17,14884987.605050875,0.04929704051549153,733785.8370387822
2024-06-20,2024-06-18,14922675.779183988,0.04941689118863603,737432.2452232295
2024-06-21,2024-06-20,14968766.56369705,0.04926111691989099,737378.1598408353
2024-06-24,2024-06-21,14908881.73355671,0.04988904818031247,743789.9191199912
2024-06-25,2024-06-24,15013943.21048184,0.051000700111085075,765721.6151626462
2024-06-26,2024-06-25,15083565.415879944,0.05237414530322805,789988.8467820416
2024-06-27,2024-06-26,15005746.17477113,0.052262439660619275,784236.9040215447
2024-06-28,2024-06-27,15300262.632848624,0.052743924596165705,806995.8986084996
2024-07-01,2024-06-28,15253317.704538045,0.051958635256025024,792541.5710543612
2024-07-02,2024-07-01,14795422.276446614,0.051686259620134,764720.0369699337
2024-07-03,2024-07-02,14883446.439410888,0.05238820733109367,779717.0778690855
2024-07-05,2024-07-03,14950755.799626416,0.05225124799872511,781195.6490546576
2024-07-08,2024-07-05,14904264.12225232,0.05240581531759242,781070.1130353739
2024-07-09,2024-07-08,14807847.351022063,0.051379523186293255,760820.1363109292
2024-07-10,2024-07-09,14873035.965568041,0.0519334849542674,772408.5895421058
2024-07-11,2024-07-10,15055257.52106661,0.052637718572619716,792474.4084322206
2024-07-12,2024-07-11,15414848.718352525,0.05207509780734251,802729.754693596
2024-07-15,2024-07-12,15855446.549730701,0.05267787596981466,835231.2467927396
2024-07-16,2024-07-15,15884529.624735367,0.05278230710856148,838422.120927825
2024-07-17,2024-07-16,16395428.914674629,0.05273574772546693,864625.2030951072
2024-07-18,2024-07-17,15688776.62059909,0.05181094973262035,812850.4168561688
2024-07-19,2024-07-18,15198804.783000518,0.05197444494422126,789949.4424120272
2024-07-22,2024-07-19,15100631.473826708,0.051767032268338384,781714.8767778734
2024-07-23,2024-07-22,14955561.562947804,0.05192817878977013,776615.0747421676
2024-07-24,2024-07-23,15093616.604588307,0.051841934925039586,782482.2897985639
2024-07-25,2024-07-24,14399068.053732026,0.05189523537550184,747243.0258362928
2024-07-26,2024-07-25,14485733.176539052,0.05192532500951144,752176.4031928529
2024-07-29,2024-07-26,15060044.332910093,0.0525148988593372,790876.7049599079
2024-07-30,2024-07-29,14895049.276368253,0.05191694293722177,773305.423328317
2024-07-31,2024-07-30,14817729.57507768,0.05187717616296057,768701.9675014158
2024-08-01,2024-07-31,15212841.666131051,0.05221572264817359,794349.521129278
2024-08-02,2024-08-01,15094291.871093823,0.054413582806692666,821334.5006361516
2024-08-05,2024-08-02,14202948.668603607,0.054979392006176235,780869.4824947566
2024-08-06,2024-08-05,13903494.083264029,0.05519346673532389,767382.0381894057
2024-08-07,2024-08-06,14115026.541712452,0.055001579871816066,776348.7597268011
2024-08-08,2024-08-07,13580030.515195964,0.054107075455287625,734775.7357708164
2024-08-09,2024-08-08,13963453.964094156,0.05443278967474839,760069.7527605689
2024-08-12,2024-08-09,14060603.036633594,0.054364246730466276,764394.0926626921
2024-08-13,2024-08-12,13852028.823073657,0.05421624417734609,751004.9770233975
2024-08-14,2024-08-13,14698781.338620756,0.05516033984659372,810789.7739690907
2024-08-15,2024-08-14,14484239.602382386,0.054785751499530216,793529.9515157758
2024-08-16,2024-08-15,15096281.401103936,0.055697078518971654,840818.7705417774
2024-08-19,2024-08-16,15259312.658769106,0.055606292509107556,848513.8031914426
2024-08-20,2024-08-19,15360275.207058515,0.05418183089619129,832247.8337878041
2024-08-21,2024-08-20,15210709.887121037,0.054119351624215384,823193.7568350328
2024-08-22,2024-08-21,15592644.824061785,0.05380311211247523,838932.8175990029
2024-08-23,2024-08-22,15300949.775916917,0.05358543322151099,819908.0224430895
2024-08-26,2024-08-23,15978565.569785953,0.052784799673586416,843425.3826724167
2024-08-27,2024-08-26,15699957.510709936,0.05289881683565217,830509.1766865664
2024-08-28,2024-08-27,15644150.434816984,0.053150591117308646,831495.8431386237
2024-08-29,2024-08-28,15233110.10771658,0.053075870777900526,808510.5836226956
2024-08-30,2024-08-29,15075417.089963622,0.0526807390178661,794184.113301852
2024-09-03,2024-08-30,15193312.207655957,0.052716537062800876,800938.8061016003
2024-09-04,2024-09-03,14822223.523579068,0.05205730030999858,771604.9412288809
2024-09-05,2024-09-04,14688560.30063105,0.05250157289782766,771172.5193877185
2024-09-06,2024-09-05,14672963.000279758,0.0520648250539335,763945.2516324047
2024-09-09,2024-09-06,14323257.627840701,0.051593646761506386,738989.094524865
2024-09-10,2024-09-09,14438598.299397586,0.05181668679621029,748160.3258561792
2024-09-11,2024-09-10,14262799.329773609,0.05108575931419392,728625.933707461
2024-09-12,2024-09-11,14489752.70384316,0.051325507196963764,743693.9066833273
2024-09-13,2024-09-12,14820913.880025208,0.05207677780389217,771825.4389806942
2024-09-16,2024-09-13,15261595.96196956,0.051292334344034636,782802.8827049116
2024-09-17,2024-09-16,15638392.023314614,0.052455407043633426,820318.2190908781
2024-09-18,2024-09-17,15903762.031204669,0.05118318657864948,814005.21934559
2024-09-19,2024-09-18,16040998.596066829,0.05166342987202471,828733.0060451454
2024-09-20,2024-09-19,16584410.875167845,0.050010991080435545,829402.8243522973
2024-09-23,2024-09-20,16653578.610529777,0.05038807377411787,839141.7476304458
2024-09-24,2024-09-23,16802876.748212036,0.050399284088668415,846852.9587400194
2024-09-25,2024-09-24,16784990.95658808,0.05014617914418686,841703.1634426222
2024-09-26,2024-09-25,16659293.673722614,0.04984081089776426,830312.7056823293
2024-09-27,2024-09-26,16910913.03708899,0.04826672543696791,816234.3964496154
2024-09-30,2024-09-27,16826406.999419987,0.048412811553031176,814613.6711775246
2024-10-01,2024-09-30,16834338.441578493,0.04913726928649268,827193.4212637979
2024-10-02,2024-10-01,16624954.370540937,0.04982285153894963,828302.6334452729
2024-10-03,2024-10-02,16524952.545698699,0.05024328924549061,830267.9705215461
2024-10-04,2024-10-03,16508953.865964074,0.05044832318119369,832849.0400135726
2024-10-07,2024-10-04,16874303.296317454,0.05007277754001237,844943.2350992013
2024-10-08,2024-10-07,16664498.058303207,0.05062151641384981,843582.161986964
2024-10-09,2024-10-08,16976549.342038408,0.05187428582234243,880646.3728459997
2024-10-10,2024-10-09,16868298.350670557,0.0517465367450187,872876.0204289124
2024-10-11,2024-10-10,16939986.860068027,0.05180796654026791,877626.2724389824
2024-10-14,2024-10-11,17127806.403318603,0.051309411695173564,878817.6701831041
2024-10-15,2024-10-14,16963706.159963716,0.051058419349159036,866140.0228313397
2024-10-16,2024-10-15,17199889.007822674,0.051028119874212574,877677.9981143266
2024-10-17,2024-10-16,17384969.762084424,0.050407755172726575,876337.2994524062
2024-10-18,2024-10-17,17315971.735432774,0.05013034540146462,868055.6440592436
2024-10-21,2024-10-18,17451693.602077466,0.04935642010534686,861353.1209739294
2024-10-22,2024-10-21,17110194.419347093,0.050141950372071066,857938.5194313892
2024-10-23,2024-10-22,17191484.838732194,0.05128559176264024,881675.4732328384
2024-10-24,2024-10-23,16907691.00433595,0.052061710712114594,880243.3178775605
2024-10-25,2024-10-24,17017753.492238887,0.05229228447681984,889897.2067725502
2024-10-28,2024-10-25,17052738.98225808,0.05262738167728685,897441.0030624442
2024-10-29,2024-10-28,17215134.558149315,0.05272172974984395,907611.6717819475
2024-10-30,2024-10-29,17203890.20881316,0.0533770233211369,918292.4488900988
2024-10-31,2024-10-30,17206639.419288173,0.0508361983337412,874720.134176103
2024-11-01,2024-10-31,17978774.300285697,0.054098722730672295,972628.7259084927
2024-11-04,2024-11-01,17439670.853123903,0.050915888766864675,887956.3412883886
2024-11-05,2024-11-04,17561447.548693478,0.050381207893966995,884766.9398697232
2024-11-06,2024-11-05,18076378.035824183,0.05085157668321289,919212.3238434587
2024-11-07,2024-11-06,18230494.219671343,0.05068723658799946,924053.3736286379
2024-11-08,2024-11-07,18442369.465770993,0.05059972920912056,933178.9009425656
2024-11-11,2024-11-08,18653167.347684637,0.050548981865937155,942898.6180004018
2024-11-12,2024-11-11,19078353.465510592,0.04933424925373464,941216.2452183516
2024-11-13,2024-11-12,18891029.592538577,0.04907212066424947,927022.8836369605
2024-11-14,2024-11-13,18628911.61337234,0.04839328681248304,901514.2627103239
2024-11-15,2024-11-14,18773230.210045762,0.04829505076228255,906654.1059661764
2024-11-18,2024-11-15,18537999.660558436,0.0481927469343605,893397.1263105535
2024-11-19,2024-11-18,18966959.38250939,0.046568636006559666,883265.4276352816
2024-11-20,2024-11-19,19163280.988177076,0.0467238808615179,895382.8578073768
2024-11-21,2024-11-20,19004955.475062978,0.04649013360317301,883542.9191580322
2024-11-22,2024-11-21,19257968.177698772,0.04656893097206783,896822.990729533
2024-11-25,2024-11-22,19829851.101055708,0.04688724641141661,929767.1148769
2024-11-26,2024-11-25,20382709.29444621,0.04631646509943454,944055.043668138
2024-11-27,2024-11-26,20060935.862999946,0.04614753064261602,925762.6524573447
2024-11-29,2024-11-27,20103491.198197052,0.046000677604419046,924774.2173315386
2024-12-02,2024-11-29,20195684.673507847,0.04651176849025295,939337.0100363467
2024-12-03,2024-12-02,20265321.59297948,0.045962159549262964,931437.9443736468
2024-12-04,2024-12-03,20172935.56181203,0.046128740081009624,930552.1012017829
2024-12-05,2024-12-04,20523470.861581624,0.04594592303348992,942969.8125863023
2024-12-06,2024-12-05,20331883.294422995,0.04582569985136235,931722.7812631566
2024-12-09,2024-12-06,20394658.098350234,0.04539125801752152,925739.1879213504
2024-12-10,2024-12-09,20210060.007356748,0.044962249825807585,908689.7670453368
2024-12-11,2024-12-10,19882743.47729669,0.044775859670854054,890266.9318110254
2024-12-12,2024-12-11,20478770.258867476,0.045281023494790275,927299.6772361905
2024-12-13,2024-12-12,20192600.498642705,0.045211063734431324,912928.948108045
2024-12-16,2024-12-13,20381040.38922955,0.04536680565908469,924622.6984681329
2024-12-17,2024-12-16,20571816.429098587,0.04493770641746847,924450.2471648869
2024-12-18,2024-12-17,20724827.72771772,0.04474036867983255,927236.433364107
2024-12-19,2024-12-18,19497668.761500977,0.04460042493617907,869604.3120278079
2024-12-20,2024-12-19,19197150.177391887,0.043942959911293024,843579.6006562035
2024-12-23,2024-12-20,19599733.579137903,0.04388386074323313,860111.978991358
2024-12-24,2024-12-23,19572787.202182118,0.04382760853992816,857828.4555325536
2024-12-26,2024-12-24,19731274.965724308,0.043815544189352254,864536.5501729533
2024-12-27,2024-12-26,19831016.440159142,0.04430506494122626,878614.4712317764
2024-12-30,2024-12-27,19399267.49227902,0.044311116657196184,859603.2049145293
2024-12-31,2024-12-30,19095394.929699335,0.04443018753833412,848411.977845096
2025-01-02,2024-12-31,18772625.764101733,0.04437011845190175,832943.6288064165
2025-01-03,2025-01-02,18656821.270839844,0.044259170092538574,825735.4260121924
2025-01-06,2025-01-03,18175867.62042345,0.04317153024792411,784680.0187573754
2025-01-07,2025-01-06,18670339.613698263,0.04421239750104824,825460.476480395
2025-01-08,2025-01-07,18886019.08174717,0.044634122916162366,842960.8970916911
2025-01-10,2025-01-08,19025755.02227408,0.04438361089028989,844431.7078025914
2025-01-13,2025-01-10,18832454.379897695,0.044240929184150096,833165.2805847912
2025-01-14,2025-01-13,18732188.520343095,0.04437221017698879,831188.6060996404
2025-01-15,2025-01-14,18559333.42627941,0.04301166714019101,798267.8716749507
2025-01-16,2025-01-15,19285629.473445404,0.04351226205722163,839161.3635870337
2025-01-17,2025-01-16,19884863.432116967,0.044099166415716394,876905.9016467195
2025-01-21,2025-01-17,19946988.506261766,0.04398191484026936,877306.7498022367
2025-01-22,2025-01-21,20451927.25163198,0.043479271847423756,889234.904777441
2025-01-23,2025-01-22,20393892.630743302,0.043676178643912475,890727.2977851146
2025-01-24,2025-01-23,20874862.063491903,0.04398413432901434,918162.7371002733
2025-01-27,2025-01-24,20670016.211232558,0.04382228695336529,905807.3817393456
2025-01-28,2025-01-27,20627800.01732055,0.044001651328501167,907657.2640361892
2025-01-29,2025-01-28,20974006.603719197,0.0439519350923618,921848.176873434
2025-01-30,2025-01-29,20855547.877938155,0.044105526501930906,919844.9196426901
2025-01-31,2025-01-30,21118255.64568433,0.04370143770658104,922898.1335715272
2025-02-03,2025-01-31,20885933.48217413,0.04420610908895021,923285.8539375472
2025-02-04,2025-02-03,20682280.92184764,0.04444902925996699,919307.3098580629
2025-02-05,2025-02-04,21076142.24342612,0.04450917360972915,938081.6741359996
2025-02-06,2025-02-05,21219669.839568537,0.044414601145039936,942463.1723538701
2025-02-07,2025-02-06,21395698.018929765,0.04433625613626899,948605.147581533
2025-02-10,2025-02-07,21241046.555414952,0.043922814410352534,932966.545735149
2025-02-11,2025-02-10,21629920.99857034,0.04367978130138444,944790.2187837755
2025-02-12,2025-02-11,21721631.464069985,0.043564229194630426,946286.1315820405
2025-02-13,2025-02-12,21793001.739644513,0.0435961554374947,950091.0912911345
2025-02-14,2025-02-13,22155727.82965422,0.04363523975198079,966770.4957265949
2025-02-18,2025-02-14,23132170.014385156,0.044076482369676616,1019584.6838114094
2025-02-19,2025-02-18,23118718.468919724,0.0438333871014952,1013371.7359386447
2025-02-20,2025-02-19,22783064.82431398,0.04335218364490986,987695.6102575456
2025-02-21,2025-02-20,21584333.287564486,0.042695000769111056,921543.1263133151
2025-02-24,2025-02-21,20089636.52001195,0.042066893975073696,845108.6094851112
2025-02-25,2025-02-24,19780046.93905622,0.041670008683511436,824234.7277107366
2025-02-26,2025-02-25,19634766.772005085,0.04217564407050492,828108.9347834632
2025-02-27,2025-02-26,20070311.447294954,0.042642311956013486,855844.4817899
2025-02-28,2025-02-27,19122678.73791581,0.04294218702311931,821169.6467466078
2025-03-03,2025-02-28,19517085.53920162,0.04346232409026195,848257.8970021456
2025-03-04,2025-03-03,18504407.313604474,0.043600410940387906,806799.7630814745
2025-03-05,2025-03-04,18191128.620315347,0.04319601381150338,785784.2431299761
2025-03-06,2025-03-05,18514275.17247059,0.04328508356037108,801391.947900093
2025-03-07,2025-03-06,17185774.994112987,0.04284601724997624,736342.0118519753
2025-03-10,2025-03-07,17118257.202557277,0.042968010181886285,735537.4497756293
2025-03-11,2025-03-10,16061866.421539605,0.042394202959801515,680930.0249879708
2025-03-12,2025-03-11,16006271.998771654,0.04263986801659451,682505.3254653357
2025-03-13,2025-03-12,16178676.057429036,0.04304961084872308,696485.7083198734
2025-03-14,2025-03-13,15374892.753732244,0.04288279798495261,659318.4199986116
2025-03-17,2025-03-14,16094188.285626119,0.043301325813034475,696899.6906522193
2025-03-18,2025-03-17,16421219.490691818,0.04338452002228568,712426.7257842671
2025-03-19,2025-03-18,15547192.825771082,0.04405308967987363,684901.8798239814
2025-03-20,2025-03-19,16185452.580621678,0.044315571791200645,717267.5858096137
2025-03-21,2025-03-20,16366656.606310077,0.04481008846434003,733391.3303942297
2025-03-24,2025-03-21,16786089.813181084,0.044990522011897245,755214.9432336077
2025-03-25,2025-03-24,18014902.207491558,0.04542022184753079,818240.8548258388
2025-03-26,2025-03-25,18129781.13549031,0.045585342541370144,826452.2832613963
2025-03-27,2025-03-26,17463036.87974926,0.04525624684367316,790311.5076701004
2025-03-28,2025-03-27,17130830.881819863,0.04520879087171785,774464.1507949601
2025-03-31,2025-03-28,16771212.381597137,0.045108427384225575,756523.0158606994
2025-04-01,2025-03-31,16682900.780930502,0.04491427744377803,749300.4342417337
2025-04-02,2025-04-01,16881004.517069936,0.04481708167966387,756557.358276298
2025-04-03,2025-04-02,17497673.71697042,0.045018851610748485,787725.1765975853
2025-04-04,2025-04-03,14657688.769302186,0.04472220661842729,655524.1856893336
2025-04-07,2025-04-04,13971133.046931166,0.04414424408288992,616745.107338259
2025-04-08,2025-04-07,14250128.461014953,0.044381776461428754,632446.0159034093
2025-04-09,2025-04-08,14093322.740442198,0.04475422404006061,630735.7233946311
2025-04-10,2025-04-09,16745702.432925839,0.04520196686812826,756938.6865566486
2025-04-11,2025-04-10,15728246.400017582,0.04509548187244322,709272.8504173132
2025-04-14,2025-04-11,15730642.24376019,0.045352580769334856,713425.222913645
2025-04-15,2025-04-14,15785493.374925751,0.04524559573126442,714224.0516604433
2025-04-16,2025-04-15,15934939.177686045,0.04564053334707804,727279.1229228402
2025-04-17,2025-04-16,15669001.367564801,0.045547666669209494,713686.4513292293
2025-04-21,2025-04-17,15908788.965777049,0.045463120074189615,723263.1829860648
2025-04-22,2025-04-21,15185177.192393955,0.04532116176681504,688209.8719942367
2025-04-23,2025-04-22,15985693.50315679,0.04561808732172137,729236.7621252806
2025-04-24,2025-04-23,16401019.408696542,0.04565669711719076,748816.3755560251
2025-04-25,2025-04-24,17047974.86805843,0.04611796282922019,786217.8712785986
2025-04-28,2025-04-25,17121600.447269224,0.04629178434377283,792589.4355252314
2025-04-29,2025-04-28,17376406.877072774,0.04649286797294785,807878.9907799675
2025-04-30,2025-04-29,17471015.809542738,0.04655271789688415,813323.2703536461
2025-05-01,2025-04-30,17443678.101344444,0.046598563832612815,812850.3474810494
2025-05-02,2025-05-01,17663141.181736015,0.046798905565399944,826615.6761523905
2025-05-05,2025-05-02,18056238.462416373,0.04690290575527325,846890.0508974551
2025-05-06,2025-05-05,17897167.137194198,0.04728504335042746,846268.3239320733
2025-05-07,2025-05-06,17716739.023136478,0.04740733113690212,839903.3135359067
2025-05-08,2025-05-07,17896268.026548572,0.047303038577872186,846547.8568597676
2025-05-09,2025-05-08,18996732.60521287,0.04804600955669336,912717.196296006
2025-05-12,2025-05-09,18488945.249760967,0.04731767850455529,874853.967216514
2025-05-13,2025-05-12,19765785.196477655,0.04654897581945493,920077.0571633786
2025-05-14,2025-05-13,20198447.661153693,0.04690103514047762,947328.1035388674
2025-05-15,2025-05-14,20535298.98451392,0.04719359371104433,969134.5570099711
2025-05-16,2025-05-15,19956020.974268086,0.047434251159449034,946598.9110366652
2025-05-19,2025-05-16,20138043.038170375,0.04738660083198321,954273.406987078
2025-05-20,2025-05-19,20170954.75182591,0.047633620804745015,960815.609918145
2025-05-21,2025-05-20,20101972.096335657,0.04754958857890401,955840.5028053691
2025-05-22,2025-05-21,19422004.938850816,0.04752754438062609,923080.2016919713
2025-05-23,2025-05-22,19805295.930070043,0.047760253225169504,945905.9488195642
2025-05-27,2025-05-23,19769446.335038777,0.048051225901147555,949946.1317855619
2025-05-28,2025-05-27,20471564.840738777,0.048086722714126146,984410.4620208596
2025-05-29,2025-05-28,20548584.4621212,0.04832138533946257,992936.0679746517
2025-05-30,2025-05-29,20438665.50461539,0.048328052510148094,987760.899744405
2025-06-02,2025-05-30,20583287.82314257,0.04861668639227487,1000691.2490196524
2025-06-03,2025-06-02,20497138.516323652,0.04892336139139743,1002788.9151236337
2025-06-04,2025-06-03,20877493.32705522,0.04910773759012535,1025246.4638446207
2025-06-05,2025-06-04,21113883.26313035,0.04928219112338484,1040538.4303304262
2025-06-06,2025-06-05,20972305.262839116,0.049250069273875936,1032887.4870276994
2025-06-09,2025-06-06,21211545.438564003,0.04891530325175954,1037569.177565835
2025-06-10,2025-06-09,21311816.141052708,0.04875498573281984,1039057.2918975044
2025-06-11,2025-06-10,21377945.009190388,0.048626959458624414,1039544.4652706031
2025-06-12,2025-06-11,21369538.971559696,0.048724985032124996,1041230.466532658
2025-06-13,2025-06-12,20418963.4458099,0.04814568997367639,983085.0836457944
2025-06-16,2025-06-13,19537579.332532723,0.04772715621003155,932473.1007696731
2025-06-17,2025-06-16,19746895.997522198,0.04707633695252422,929611.5297458069
2025-06-18,2025-06-17,19800516.34186236,0.047267947591836,935929.7687384422
2025-06-20,2025-06-18,20345720.180980437,0.04769754800999879,970440.9651303157
2025-06-23,2025-06-20,20784363.062687825,0.04796779390505757,996980.0438389009
2025-06-24,2025-06-23,20851461.03937045,0.04775968791766511,995859.2718676857
2025-06-25,2025-06-24,21148216.19806443,0.04776403938514427,1010124.2314098956
2025-06-26,2025-06-25,21111799.053821184,0.047387540117922934,1000436.2246244788
2025-06-27,2025-06-26,20987346.241705254,0.04686713074690477,983616.7003405605
2025-06-30,2025-06-27,21488911.96069925,0.04700446293082971,1010074.7656805511
2025-07-01,2025-06-30,22022547.57101815,0.04761717347668589,1048651.4680877386
2025-07-02,2025-07-01,22245383.167725425,0.04728327904394824,1051834.6597591105
2025-07-03,2025-07-02,22487272.493502323,0.04745601819177091,1067156.4125349557
2025-07-07,2025-07-03,22678552.870787535,0.04760343694173849,1079577.061514417
2025-07-08,2025-07-07,22823361.100027878,0.04787231834154475,1092607.2082045635
2025-07-09,2025-07-08,22556418.451497056,0.04736645918362743,1068417.673911656
2025-07-10,2025-07-09,22772960.85476942,0.04747520085000703,1081150.890529526
2025-07-11,2025-07-10,22891041.90177051,0.04700017241073183,1075882.9160445007
2025-07-14,2025-07-11,22566737.322235037,0.04720751836774669,1065319.6666395252
2025-07-15,2025-07-14,22701639.642112207,0.047398351655733174,1076020.298918567
2025-07-16,2025-07-15,22507488.721140373,0.04775524055276291,1074850.5381166565
2025-07-17,2025-07-16,22671224.311288945,0.0478575038017805,1084988.2036685292
2025-07-18,2025-07-17,22754201.457148537,0.04717778882815746,1073492.9112987064
2025-07-21,2025-07-18,22792600.509058047,0.04707323561243808,1072921.4539830654
2025-07-22,2025-07-21,22756989.477257002,0.04678382445920755,1064659.000924025
2025-07-23,2025-07-22,22975632.011338565,0.04649301617565043,1068206.4307489558
2025-07-24,2025-07-23,23195626.116865233,0.046378255169248754,1075772.6668584663
2025-07-25,2025-07-24,22483654.303743016,0.04608398886203096,1036136.4745114476
2025-07-28,2025-07-25,22813144.59018894,0.046095289799574425,1051578.5111243527
2025-07-29,2025-07-28,23058564.278627116,0.046149652146507035,1064144.7204565143
2025-07-30,2025-07-29,22728902.477657594,0.04653409911229736,1057669.0006090596
2025-07-31,2025-07-30,22679605.181852795,0.046455285364002556,1053587.5306658826
2025-08-01,2025-07-31,24289199.149186235,0.04815336839045021,1169606.7545397745
2025-08-04,2025-08-01,23203829.978793193,0.048023190189185445,1114321.9401891085
2025-08-05,2025-08-04,23466331.85607089,0.047256360369584374,1108933.4347427438
2025-08-06,2025-08-05,23146506.10913301,0.046976330209700365,1087337.914183479
2025-08-07,2025-08-06,23426341.229472224,0.047027377733396554,1101679.3979098317
2025-08-08,2025-08-07,23378458.398958918,0.046268139736425365,1081677.7800252384
2025-08-11,2025-08-08,22847692.149251893,0.04615955168663523,1054639.2266837226
2025-08-12,2025-08-11,22714451.50479762,0.04609809635173213,1047092.9740449075
2025-08-13,2025-08-12,23106808.099878434,0.04600932002647406,1063128.5286576299
2025-08-14,2025-08-13,23586400.420822266,0.04610401629464126,1087427.7893335233
2025-08-15,2025-08-14,23282343.976342507,0.04611879033357432,1073753.540319097
2025-08-18,2025-08-15,23690311.500787724,0.046110493292418245,1092371.9495523712
2025-08-19,2025-08-18,24133528.89469247,0.04625542687772719,1116306.6810899638
2025-08-20,2025-08-19,23573362.387138657,0.04586459734285096,1081182.7739032225
2025-08-21,2025-08-20,23249595.82373009,0.04568781593162324,1062223.2544792166
2025-08-22,2025-08-21,23297489.490696985,0.04568913822562382,1064442.217650473
2025-08-25,2025-08-22,24345195.954836603,0.04580892588209346,1115227.2770801515
2025-08-26,2025-08-25,24316725.488425154,0.045835323481423586,1114564.978770945
2025-08-27,2025-08-26,24607654.30808197,0.04615369691297961,1135734.2186745922
2025-08-28,2025-08-27,24633958.415945202,0.04590740798631012,1130881.1793185943
2025-08-29,2025-08-28,24836077.984939143,0.046263561754443794,1149005.427594414
2025-09-02,2025-08-29,24513146.762733247,0.04631313451756924,1135280.6634713819
2025-09-03,2025-09-02,24455007.790416483,0.04611173680443121,1127662.8827819997
2025-09-04,2025-09-03,24429614.548638176,0.046022639339777724,1124315.3395817615
2025-09-05,2025-09-04,24941590.32852864,0.04613147225456964,1150592.2822253616
2025-09-08,2025-09-05,24978688.526829716,0.046196191715894855,1153920.2839970489
2025-09-09,2025-09-08,25061712.427347507,0.046040240655045035,1153847.2713826122
2025-09-10,2025-09-09,24947817.322293255,0.04597442313734249,1146961.5099282328
2025-09-11,2025-09-10,24710405.111034695,0.04590011274243448,1134210.3805077218
2025-09-12,2025-09-11,24596093.544835977,0.04551156651658656,1119406.747413988
2025-09-15,2025-09-12,24450126.881803676,0.045974995106878476,1124094.4637534819
2025-09-16,2025-09-15,24607351.09655922,0.04597734518081902,1131380.6753521087
2025-09-17,2025-09-16,24676552.081718124,0.045789029307012424,1129915.3664658098
2025-09-18,2025-09-17,25054062.7682316,0.04593910312208237,1150961.173136916
2025-09-19,2025-09-18,25273811.15130586,0.04601537360582493,1162983.8625704036
2025-09-22,2025-09-19,25629512.37266342,0.046018754506582875,1179438.2380010262
2025-09-23,2025-09-22,25428667.444840338,0.04613070981581655,1173042.478900831
2025-09-24,2025-09-23,25201887.609507393,0.04585519237785687,1155637.4046190889
2025-09-25,2025-09-24,25055224.279808093,0.04579049309752059,1147291.074441383
2025-09-26,2025-09-25,24932390.535084516,0.045782966800088476,1141478.8081146146
2025-09-29,2025-09-26,25054113.15179097,0.04550830843860364,1140170.3089673794
2025-09-30,2025-09-29,25712872.37322133,0.04619910564382738,1187911.7071767026
2025-10-01,2025-09-30,24940310.32442677,0.04617049842463225,1151506.5585437857
2025-10-02,2025-10-01,25498804.068147,0.046268465105573336,1179790.5262609108
2025-10-03,2025-10-02,25407556.539806105,0.0463324980336742,1177195.5634210324
2025-10-06,2025-10-03,24797792.813589483,0.04597630696981462,1140110.9345714531
2025-10-07,2025-10-06,24524202.049318325,0.04606423217199449,1129688.5370327025
2025-10-08,2025-10-07,24209041.711674936,0.045991144436979596,1113401.5340425058
2025-10-09,2025-10-08,23999134.112286508,0.04589243204730638,1101378.631442301
2025-10-10,2025-10-09,23798168.840000194,0.045832263557406314,1090723.9464585434
2025-10-13,2025-10-10,22195320.20457371,0.045533772582235676,1010636.6625849599
2025-10-14,2025-10-13,22975170.25337245,0.04507860236649269,1035688.5641542479
2025-10-15,2025-10-14,23354054.37454236,0.04512444283415363,1053838.691569752
2025-10-16,2025-10-15,23753225.360259533,0.04551662390397971,1081166.6252294062
2025-10-17,2025-10-16,23328738.751619767,0.045309728015657254,1057018.8077842153
2025-10-20,2025-10-17,22879811.457260657,0.04500897174575985,1029796.7874281574
2025-10-21,2025-10-20,23003227.184426676,0.045363964697338,1043517.5859191775
2025-10-22,2025-10-21,23587622.180426408,0.04587119033086467,1081992.3064908648
2025-10-23,2025-10-22,22746795.60363754,0.04456284730054884,1013661.9790616953
2025-10-24,2025-10-23,23342982.44050947,0.04499936412865368,1050419.3666892545
2025-10-27,2025-10-24,23494455.129432417,0.045417012381103024,1067047.9595007016
2025-10-28,2025-10-27,23803309.534855723,0.0453954947550155,1080563.0131415536
2025-10-29,2025-10-28,24285179.55854547,0.04611783099344387,1119979.8065264376
2025-10-30,2025-10-29,23840053.530490533,0.045881231302434655,1093811.01029486
2025-10-31,2025-10-30,22118414.079119585,0.04471297013936311,988979.9882497427
2025-11-03,2025-10-31,22334506.608497556,0.04462620976412074,996704.3768889528
2025-11-04,2025-11-03,23082599.35179246,0.04577598985713761,1056628.8338040228
2025-11-05,2025-11-04,22052746.947212912,0.04503765443729222,993203.996401626
2025-11-06,2025-11-05,22159391.368499435,0.04479399099314588,992607.5773741582
2025-11-07,2025-11-06,21334559.538280774,0.044438931404568505,948085.027868342
2025-11-10,2025-11-07,22087447.920346458,0.04460155908469739,985134.6134495089
2025-11-11,2025-11-10,22797839.14003455,0.04504768199626466,1026989.8077822721
2025-11-12,2025-11-11,22893251.190318204,0.04517543726820575,1034212.6330134966
2025-11-13,2025-11-12,23035816.69571204,0.045216324322375295,1041594.9587441033
2025-11-14,2025-11-13,22587282.100147817,0.04481323698710767,1012209.2256485792
2025-11-17,2025-11-14,22277670.874487136,0.04473078455237814,996497.6962154736
2025-11-18,2025-11-17,21983454.233452495,0.04553441989266121,1001003.8357571266
2025-11-19,2025-11-18,21779953.30767625,0.04518655631887229,984161.0867597216
2025-11-20,2025-11-19,22142250.197371352,0.04577660156762431,1013596.9650957191
2025-11-21,2025-11-20,21311604.268594734,0.045473175285988085,969106.3165314202
2025-11-24,2025-11-21,21611472.492586605,0.04510769293023577,974843.6649658335
2025-11-25,2025-11-24,22226208.161495056,0.04595173808556417,1021332.8960722496
2025-11-26,2025-11-25,23372841.562431477,0.04612742966746218,1078129.1052997948
2025-11-28,2025-11-26,23724753.049797807,0.04627078576066236,1097762.9655918153
2025-12-01,2025-11-28,24302066.26212644,0.04655392260145882,1131356.5118225578
2025-12-02,2025-12-01,24465561.90658977,0.046401192137259434,1135231.238773687
2025-12-03,2025-12-02,24511076.336967684,0.04626528737421111,1134011.9905810356
2025-12-04,2025-12-03,25039807.83016706,0.04645925160796985,1163330.732196945
2025-12-05,2025-12-04,25164028.98309711,0.04654179711559556,1171179.1315422722
2025-12-08,2025-12-05,25357101.979367737,0.046510817289789695,1179379.5371609374
2025-12-09,2025-12-08,26774122.620593127,0.04767408337359913,1276431.7540691232
2025-12-10,2025-12-09,27115501.099305548,0.04770390075977122,1293515.1734927392
2025-12-11,2025-12-10,27481149.880478255,0.047879872136300086,1315793.9424357973
2025-12-12,2025-12-11,27726384.446851924,0.04802006053681785,1331422.6596049143
2025-12-15,2025-12-12,27141467.67195781,0.047802296993199864,1297424.4984862602
2025-12-16,2025-12-15,26947771.105236076,0.047606667995173615,1282893.5922169066
2025-12-17,2025-12-16,27075067.584288083,0.0478460753863845,1295435.724729303
2025-12-18,2025-12-17,26745911.336549755,0.04768410605838733,1275354.8728002624
2025-12-19,2025-12-18,27360408.708989624,0.047007842670230386,1286153.7879853856
2025-12-22,2025-12-19,26892139.1043831,0.046575932897219376,1252526.4663884365
2025-12-23,2025-12-22,26282560.39332983,0.04670763807653706,1227596.3185763771
2025-12-24,2025-12-23,26369201.809453454,0.04661647590583137,1229239.260806392
2025-12-26,2025-12-24,26547201.28869019,0.0465554199004304,1235916.1031762187
2025-12-29,2025-12-26,26518307.924662165,0.04663997105995056,1236813.114165101
2025-12-30,2025-12-29,26237419.36171697,0.04678498711185897,1227517.3266863674
2025-12-31,2025-12-30,25957851.87057325,0.046609675887885116,1209887.0624331515
2026-01-02,2025-12-31,25601140.03999148,0.04664415577571094,1194143.5640611532
2026-01-05,2026-01-02,25381552.307826515,0.04642738042210179,1178398.9846989373
2026-01-06,2026-01-05,26512010.083545018,0.046741562392160894,1239212.7734616182
2026-01-07,2026-01-06,27042700.885657348,0.04664668097769005,1261452.2409883544
2026-01-08,2026-01-07,27223944.365807503,0.046639876530990505,1269721.4039078166
2026-01-09,2026-01-08,27388776.48620683,0.04649135476643722,1273341.3242388954
2026-01-12,2026-01-09,28018273.44059323,0.04661341763062283,1306027.4811753598
2026-01-13,2026-01-12,28001996.507260688,0.046753094395133456,1309179.9859561562
2026-01-14,2026-01-13,28251318.221152574,0.04674412448032232,1320583.135662754
2026-01-15,2026-01-14,27528200.544660714,0.046858877859957564,1289940.5870266736
2026-01-16,2026-01-15,27861602.28537493,0.04663836566643292,1299419.595438039
2026-01-20,2026-01-16,27105218.358238257,0.04642543819353486,1258371.6396126568
2026-01-21,2026-01-20,26771482.29679437,0.046322654132539796,1240126.1150498176
2026-01-22,2026-01-21,27259443.87863717,0.04658001711027281,1269745.3622834408
2026-01-23,2026-01-22,27943287.80538479,0.046490191820415167,1299088.8101654067
2026-01-26,2026-01-23,27554823.91725719,0.04653083708137676,1282149.022499918
2026-01-27,2026-01-26,27541967.077138428,0.04664112446597734,1284588.3144826635
2026-01-28,2026-01-27,27571866.147350494,0.046623343835410135,1285492.595571827
2026-01-29,2026-01-28,25342080.673135854,0.046693904900282024,1183320.7049266805
2026-01-30,2026-01-29,25778113.60003815,0.04655661212775385,1200141.6362621526
2026-02-02,2026-01-30,24666289.48072585,0.046423680182729396,1145099.9341478392
2026-02-03,2026-02-02,25086827.68163917,0.04639013346212537,1163781.2842925822
2026-02-04,2026-02-03,25051630.165471096,0.046238733621547914,1158355.6540067522
2026-02-05,2026-02-04,24471345.82767927,0.04564011323632547,1116874.9946205628
2026-02-06,2026-02-05,23742975.96358412,0.04552021476640155,1080785.365055859
2026-02-09,2026-02-06,24757871.989585668,0.04543072299655383,1124768.0243430056
2026-02-10,2026-02-09,24912456.41668292,0.04570813269718735,1138701.8637066395
2026-02-11,2026-02-10,24216612.04121885,0.04577524781763691,1108521.417490363
2026-02-12,2026-02-11,23262704.865918003,0.04322513836867711,1005533.636659004
2026-02-13,2026-02-12,22338225.668833144,0.042586215732636525,951300.497417247
2026-02-17,2026-02-13,22274622.30821138,0.042562345418245905,948060.1687430586
2026-02-18,2026-02-17,22733585.778279293,0.04222715064592818,959974.5513815301
2026-02-19,2026-02-18,23245997.49257844,0.04230583827465465,983441.410454051
2026-02-20,2026-02-19,22053635.032923505,0.0421817731968234,930261.4311242981
2026-02-23,2026-02-20,22261188.993361253,0.04209683789018224,937125.6642962379
2026-02-24,2026-02-23,21474061.991896514,0.04204498492744989,902876.6127804135
2026-02-25,2026-02-24,21410129.32093652,0.04262884302383504,912689.0419422108
2026-02-26,2026-02-25,21864630.42385454,0.04302612676720546,940750.3603348626
2026-02-27,2026-02-26,22612548.610876724,0.04326618138735555,978358.6298285872
2026-03-02,2026-02-27,21816063.5601499,0.043536121302594856,949786.7894998054
2026-03-03,2026-03-02,21403873.37756279,0.04333364171404308,927507.7802360512
2026-03-04,2026-03-03,21277372.265298463,0.042877086747127084,912311.7363701181
2026-03-05,2026-03-04,21446916.992303982,0.042543540771350814,912427.7874818611
2026-03-06,2026-03-05,21876001.655531354,0.04319875009827527,945015.9286667551
2026-03-09,2026-03-06,21178480.82855769,0.043351466294113405,918118.1977997456
2026-03-10,2026-03-09,21512539.223981436,0.043748379547058736,941138.7309917283
2026-03-11,2026-03-10,21189044.669967167,0.04346574549189308,920997.6228411465
2026-03-12,2026-03-11,20957441.962197866,0.042441883490812654,889473.31002507
2026-03-13,2026-03-12,20148386.06654105,0.042090626811311364,848058.1987770051
2026-03-16,2026-03-13,20333097.671072874,0.042513613751792766,864433.4607654692
2026-03-17,2026-03-16,20556386.41381164,0.04304131925072013,884773.9902780326
2026-03-18,2026-03-17,20911870.199300155,0.04330241123663045,905534.4030971325
2026-03-19,2026-03-18,20113287.801588845,0.04172663462341551,839259.8111724979
2026-03-20,2026-03-19,20285148.581846703,0.04161990827166723,844266.0232536003
2026-03-23,2026-03-20,19536964.676262356,0.04151691721244807,811114.5450469066
2026-03-24,2026-03-23,20209069.477186564,0.04277160044349992,864374.2450131535
2026-03-25,2026-03-24,20118311.86995309,0.04326938241954943,870506.9299367608
2026-03-26,2026-03-25,20362938.682157155,0.04343841360965773,884533.7527836412
2026-03-27,2026-03-26,19798333.88117034,0.04327284093035088,856730.1527258605
2026-03-30,2026-03-27,19642447.22324322,0.043307113535059005,850657.6920033987
2026-03-31,2026-03-30,19371762.678992875,0.04308905274654987,834710.9038687702
2026-04-01,2026-03-31,20552997.21116355,0.04356429490740199,895376.8317381396
2026-04-02,2026-04-01,20402820.887368537,0.043612999022635816,889828.2074198177
2026-04-06,2026-04-02,20506131.653193794,0.04390974975131496,900419.109259258
2026-04-07,2026-04-06,20664861.371825013,0.04395335273967232,908289.9411922536
2026-04-08,2026-04-07,20737711.910529245,0.04408824464265066,914289.3160402238
2026-04-09,2026-04-08,21626317.55024587,0.04419460259094495,955766.5096386945
2026-04-10,2026-04-09,21324408.349969782,0.04374886945273374,932918.7570596134
2026-04-13,2026-04-10,21582846.670904905,0.04422732839099463,954551.6473265964
2026-04-14,2026-04-13,22323531.639788833,0.043786004520909756,977458.2573024658
2026-04-15,2026-04-14,23044448.559170768,0.043754993258417425,1008309.6913504641
2026-04-16,2026-04-15,23127126.72367765,0.04368112955657304,1010219.0186882459
2026-04-17,2026-04-16,22976066.9718148,0.04330302058958487,994933.1011481772
2026-04-20,2026-04-17,24038065.381893657,0.0436047158209562,1048173.009863038
2026-04-21,2026-04-20,24795936.84595742,0.0437988992075848,1086034.7386737273
2026-04-22,2026-04-21,24662154.39268265,0.04388145601835263,1082211.2433003257
2026-04-23,2026-04-22,25124860.0255091,0.044389939815525276,1115291.024405846
2026-04-24,2026-04-23,24462968.001812957,0.04415581915617281,1080182.391111295
2026-04-27,2026-04-24,24681879.3563998,0.044381588885587284,1095421.0225193996
2026-04-28,2026-04-27,24614863.086431146,0.04432748321252723,1091114.930242433
2026-04-29,2026-04-28,24397084.22060026,0.04456243269073422,1087193.4234306728
2026-04-30,2026-04-29,23920214.180458643,0.04447429899259376,1063834.7574285988
2026-05-01,2026-04-30,23939873.40709581,0.04445101826224082,1064151.7500145491
2026-05-04,2026-05-01,23657852.529436085,0.04395141914729115,1039796.1926460476
2026-05-05,2026-05-04,23280943.365063846,0.04415523655897486,1027975.5616004904
2026-05-06,2026-05-05,23373361.843966328,0.04417294464743352,1032470.2189579593
2026-05-07,2026-05-06,24093954.16269423,0.04402236170290285,1060672.7650032872
2026-05-08,2026-05-07,24349959.59686547,0.04451668171930379,1083979.401251567
2026-05-11,2026-05-08,24246619.045113754,0.04402527365604385,1067464.0386949775
2026-05-12,2026-05-11,23627485.614887968,0.04412092407484346,1042466.498893928
2026-05-13,2026-05-12,23109396.167574573,0.04390342646158318,1014581.6752147024
2026-05-14,2026-05-13,22411406.60277431,0.043396479850366175,972576.1550556588
2026-05-15,2026-05-14,22448709.880566847,0.04330783352505926,972204.9903599418
2026-05-18,2026-05-15,21906934.15161467,0.04306832869567009,943495.0407561411
2026-05-19,2026-05-18,21712857.71660967,0.04292761836582227,932081.2696900191
2026-05-20,2026-05-19,21201260.63437475,0.042462423415184775,900256.9059925096
2026-05-21,2026-05-20,21789005.904201426,0.04225763051232761,920751.7607306686
2026-05-22,2026-05-21,21966562.362240944,0.041863032975552716,919586.9245300278
2026-05-26,2026-05-22,22894655.008037325,0.04239689279881527,970662.2340416176
2026-05-27,2026-05-26,23391578.703851815,0.0424477213998009,992919.2159226177
2026-05-28,2026-05-27,24004536.456797242,0.04271724900779679,1025407.7611417439
2026-05-29,2026-05-28,24243596.108978342,0.042552399299665186,1031623.1820890557
2026-06-01,2026-05-29,24087376.430232733,0.042622891558941625,1026673.6335252163
2026-06-02,2026-06-01,23860991.386163566,0.04223379766759587,1007740.28235148
2026-06-03,2026-06-02,23055566.81823566,0.04110994894455457,947813.1747854344
2026-06-04,2026-06-03,22779391.95596127,0.04067300620405239,926506.3503493537
2026-06-05,2026-06-04,23262560.260532968,0.04106192267978421,955205.4507518255
2026-06-08,2026-06-05,22889602.86516783,0.04151946129711242,950363.9802666092
2026-06-09,2026-06-08,23353903.76217142,0.04199311832826438,980703.2441117631
2026-06-10,2026-06-09,23582990.493783273,0.04193158429314844,988872.1537745916
2026-06-11,2026-06-10,23023605.6723851,0.041777760106282966,961874.6745625604
2026-06-12,2026-06-11,23754411.63329183,0.04123681873351095,979556.366643259
2026-06-15,2026-06-12,23404698.144370195,0.04031635700000255,943592.165865726
2026-06-16,2026-06-15,23977237.984142333,0.041722181955922644,1000382.6859748462
2026-06-17,2026-06-16,24113111.167987686,0.04205881119366058,1014168.7899061425
2026-06-18,2026-06-17,22753325.499686144,0.04104262355353978,933856.1730747757
2026-06-22,2026-06-18,23504574.864736773,0.041724667765434584,980720.5771989264
2026-06-23,2026-06-22,23507986.257683292,0.04194942628104587,986146.5365325247
2026-06-24,2026-06-23,23182994.81934084,0.04129881536020913,957430.2225406421
2026-06-25,2026-06-24,23902454.40895641,0.04217009996763083,1007968.8918974301
2026-06-26,2026-06-25,23840928.89725305,0.04167803201117119,993642.9977557689
2026-06-29,2026-06-26,23685082.035122626,0.03990978769473696,945266.5955541723
2026-06-30,2026-06-29,23924790.162467707,0.04020606073671465,961921.5663853298
2026-07-01,2026-06-30,24104442.392239068,0.04140992904157858,998163.2490494384
2026-07-02,2026-07-01,24630023.910594888,0.04183345890736637,1030359.0931513224
2026-07-06,2026-07-02,24658774.79625817,0.04182403013571883,1031329.3401886057
2026-07-07,2026-07-06,24694085.639030762,0.04300464410026499,1061960.3642879827
2026-07-08,2026-07-07,24119014.195742313,0.04197458817551617,1012385.688065712
2026-07-09,2026-07-08,23653974.385892097,0.04202516100280058,994062.0819232363
2026-07-10,2026-07-09,23892643.985060923,0.042274614222170444,1010052.3072161116
2026-07-13,2026-07-10,23670709.50014536,0.04159805506247435,984655.4771548813
2026-07-14,2026-07-13,23456937.034713954,0.04124343343861897,967444.6212651012
2026-07-15,2026-07-14,24294971.00893161,0.04368095673575605,1061227.5775375892
2026-07-16,2026-07-15,24431863.100208763,0.043423698899112295,1060921.8668077975
2026-07-17,2026-07-16,24286522.289614573,0.04134140315925383,1004038.9093111604
2026-07-20,2026-07-17,23745049.014082134,0.04074979804018188,967605.9517780669
2026-07-21,2026-07-20,23119761.601194292,0.040232441220108904,930164.4496429802
2026-07-22,2026-07-21,23252266.591278564,0.0405613700029278,943143.7886155667
2026-07-23,2026-07-22,22797249.275245853,0.04000055513699122,911902.6266062048
2026-07-24,2026-07-23,22059825.42357315,0.03963022856235721,874235.9235819025
2026-07-27,2026-07-24,22220973.259157058,0.039567174584708306,879221.128387202
2026-07-28,2026-07-27,23091648.365034513,0.04005423382006484,924918.2829038103
2026-07-29,2026-07-28,23527529.379965767,0.040204601720253016,945914.9481830751
2026-07-30,2026-07-29,23334612.442612313,0.04047409902786546,944447.4147791523
2026-07-31,2026-07-30,22621978.08735119,0.03945229648018707,892488.9864704744
