date,previous_date,portfolio_value,portfolio_volatility,parametric_var_return,parametric_var_dollar
2022-09-01,2022-08-31,10000000.0,0.045295337145705196,0.07450419958810292,745041.9958810292
2022-09-02,2022-09-01,9910863.084908051,0.04519233962366258,0.07433478374040411,736721.8640973944
2022-09-06,2022-09-02,9765568.814044613,0.044970493591667826,0.07396987949005275,722357.9483266975
2022-09-07,2022-09-06,9545855.815239774,0.045054438584433296,0.07410795671586745,707423.8695717008
2022-09-08,2022-09-07,9866089.355528995,0.04511296050124561,0.07420421670299233,732105.4325487595
2022-09-09,2022-09-08,10073299.088432483,0.04510043065968203,0.07418360694765135,747273.6602424099
2022-09-12,2022-09-09,10561095.858705463,0.045559597060393024,0.07493886846723509,791436.57342539
2022-09-13,2022-09-12,10936069.526943505,0.04606305111416468,0.07576697669358481,828592.9249673516
2022-09-14,2022-09-13,10219278.640886892,0.045847076406501874,0.07541172991235587,770653.4807656694
2022-09-15,2022-09-14,10285957.397098104,0.04554919367319429,0.07492175641806867,770641.9946320157
2022-09-16,2022-09-15,10403226.93156138,0.04555989299548499,0.07493935523714446,779611.1186369066
2022-09-19,2022-09-16,10069695.93734168,0.04507341646736006,0.0741391725554314,746558.9246793014
2022-09-20,2022-09-19,10272395.238878025,0.04468088691632861,0.07349351889973169,754954.4736339959
2022-09-21,2022-09-20,9802091.920171957,0.04458480606743268,0.07333547996694464,718841.1156459205
2022-09-22,2022-09-21,9612777.29183756,0.044429608989922556,0.07308020349110984,702503.7206022086
2022-09-23,2022-09-22,9088915.013723046,0.04404714673151802,0.0724511090582011,658501.9728799697
2022-09-26,2022-09-23,8902873.753148405,0.043774831967212845,0.07200319113046129,641035.3204583118
2022-09-27,2022-09-26,8615478.021966236,0.043685583454185134,0.07185639039010763,619077.1521437982
2022-09-28,2022-09-27,8845779.858522119,0.043619058781093206,0.07174696704029061,634657.875955053
2022-09-29,2022-09-28,9183085.897106625,0.04318254197825072,0.07102896079390988,652265.0481526932
2022-09-30,2022-09-29,8628969.85637097,0.042627847350218455,0.07011656932314052,605033.7631215251
2022-10-03,2022-09-30,8418017.28615826,0.04188985415755571,0.06890267854352371,580023.9390419885
2022-10-04,2022-10-03,8693006.964426368,0.0420786802379122,0.0692132698066611,601671.4364600263
2022-10-05,2022-10-04,9201864.703786252,0.04205676537596514,0.06917722306650334,636559.4472416053
2022-10-06,2022-10-05,8976931.371761924,0.041079011293275576,0.06756896071732481,606561.9232207021
2022-10-07,2022-10-06,8833166.651424365,0.04050168481101795,0.06661934315904822,588459.7603323007
2022-10-10,2022-10-07,8608165.781962337,0.04009155900354929,0.065944746237127,567663.3080586263
2022-10-11,2022-10-10,8305283.356284683,0.03976343885312506,0.06540503661762584,543207.3620375581
2022-10-12,2022-10-11,8220955.169655784,0.03866377174092661,0.06359624517968697,522821.8805806443
2022-10-13,2022-10-12,8266355.698303169,0.03880556226536912,0.06382946983808357,527637.1017157123
2022-10-14,2022-10-13,8229014.32980892,0.0386017548816972,0.06349423652385133,522494.9822150495
2022-10-17,2022-10-14,7865238.579174562,0.038512767014178564,0.06334786450720863,498246.0678304203
2022-10-18,2022-10-17,8309529.572625647,0.03856436681997167,0.0634327386349174,527096.2175594795
2022-10-19,2022-10-18,8475385.571800193,0.03725773129869746,0.06128351445864589,519401.4142320159
2022-10-20,2022-10-19,8047921.131607957,0.036420618239675094,0.05990658600734451,482123.47945099743
2022-10-21,2022-10-20,8038114.597897899,0.03610435516414225,0.059386379540483494,477354.52430066554
2022-10-24,2022-10-21,8176419.805981873,0.0357457010814469,0.058796446071741094,480744.42618232896
2022-10-25,2022-10-24,8124296.558224041,0.03539854822615261,0.05822543043860372,473040.6641134615
2022-10-26,2022-10-25,8585772.031449905,0.03577182656982184,0.05883941867605049,505181.8352156055
2022-10-27,2022-10-26,8481233.015316255,0.03570498734752397,0.058729477938831216,498098.38726710295
2022-10-28,2022-10-27,8434569.515798034,0.03567418198168494,0.05867880762110132,494930.4819843186
2022-10-31,2022-10-28,8727216.804063976,0.03574965439946078,0.05880294870121471,513186.082033753
2022-11-01,2022-10-31,8774433.100745654,0.035801682604606797,0.05888852748315291,516713.44480234705
2022-11-02,2022-11-01,8922225.658638278,0.03573910431264839,0.05878559535265669,524498.3472138006
2022-11-03,2022-11-02,8435588.836819543,0.035774851481365805,0.058844394212774785,496387.1149306915
2022-11-04,2022-11-03,8445473.101478592,0.03510640229286345,0.05774489314063392,487682.9417669794
2022-11-07,2022-11-04,7906678.758059866,0.03406968303504597,0.0560396417092824,443087.4447120688
2022-11-08,2022-11-07,8011890.26207373,0.03361020978866228,0.05528387547348102,442928.3435556793
2022-11-09,2022-11-08,8043952.324439615,0.032994971147835644,0.05427189796367663,436560.5597766662
2022-11-10,2022-11-09,7640113.384689374,0.0329954238012101,0.05427264251222136,414649.1424800839
2022-11-11,2022-11-10,8522095.78712951,0.035823496676948924,0.05892440843916344,502159.4529184933
2022-11-14,2022-11-11,9044516.296930967,0.036924880631920155,0.060736023832164025,549327.9573607951
2022-11-15,2022-11-14,8768759.117851237,0.036680705599760666,0.0603343916449055,529057.7468562726
2022-11-16,2022-11-15,9078945.653473025,0.03645685511169534,0.05996619035771639,544429.7833035252
2022-11-17,2022-11-16,8642136.21533389,0.03632030246279836,0.05974158123790836,516294.8827774395
2022-11-18,2022-11-17,8795362.682145962,0.035561304336751844,0.05849314041743138,514468.38438899966
2022-11-21,2022-11-18,8744073.175252141,0.03523351531114007,0.05795397544977897,506753.80212963343
2022-11-22,2022-11-21,8502188.19172071,0.03483118508792951,0.05729220112289888,487109.0758647988
2022-11-23,2022-11-22,8795456.055794125,0.03472849483830131,0.05712329069334538,502425.3930556728
2022-11-25,2022-11-23,8953961.63792393,0.034471189158526996,0.05670006051273339,507690.1666989802
2022-11-28,2022-11-25,8936060.066386767,0.03423787285295861,0.05631628934129231,503245.74426980497
2022-11-29,2022-11-28,8727896.347131198,0.03378597367576065,0.05557298134066187,485035.22084235295
2022-11-30,2022-11-29,8735395.091992255,0.033677711721531084,0.0553949062725865,483896.39237492316
2022-12-01,2022-11-30,9101754.3875616,0.034145622133322166,0.056164550410509426,511195.94312427886
2022-12-02,2022-12-01,9254402.47009653,0.03454238942177016,0.056817174523968804,525809.0002585226
2022-12-05,2022-12-02,9349180.623296767,0.03452861067248191,0.056794510498227174,530982.1370596504
2022-12-06,2022-12-05,8885305.624578955,0.03449602065772147,0.05674090469424606,504160.2796234829
2022-12-07,2022-12-06,8599795.142574808,0.0340845646140654,0.05606411972850727,482139.9445139493
2022-12-08,2022-12-07,8435382.894525763,0.03354384649842876,0.055174717574843976,465419.86884112883
2022-12-09,2022-12-08,8639528.81302812,0.03372738034931136,0.05547660389513659,479291.71780098055
2022-12-12,2022-12-09,8513009.572852641,0.03357484614944898,0.05522570746325882,470136.9763022819
2022-12-13,2022-12-12,8448102.889969693,0.03355344380380191,0.055190503737395966,466255.054122778
2022-12-14,2022-12-13,8370319.7116756085,0.03351231896608475,0.05512285939891911,461395.9565906957
2022-12-15,2022-12-14,8383152.4693261115,0.033592489573856216,0.055254728313886906,463208.8121065044
2022-12-16,2022-12-15,8112937.788582365,0.03323085258290426,0.05465988839767976,443452.2741012309
2022-12-19,2022-12-16,7920930.421644214,0.03278900071631476,0.05393310675234475,427200.3860084325
2022-12-20,2022-12-19,7737814.672503866,0.032502554651340804,0.05346194490344636,413678.62169448053
2022-12-21,2022-12-20,7748437.531121597,0.032443264690746786,0.05336442159672147,413490.88712663256
2022-12-22,2022-12-21,7858472.582786587,0.03248063708972587,0.05342589372273011,419845.92103094456
2022-12-23,2022-12-22,7636027.047471923,0.032440381102496925,0.053359678516130056,407455.94839357556
2022-12-27,2022-12-23,7704091.375627687,0.031804820191220065,0.05231427384606773,403033.94595971546
2022-12-28,2022-12-27,7589372.111756637,0.03147702104759287,0.051775092235760954,392940.44109771174
2022-12-29,2022-12-28,7442589.488450528,0.03155750726432906,0.051907480281279075,386326.0671134007
2022-12-30,2022-12-29,7679143.353085926,0.03142654626394991,0.05169206860481624,396950.8050339363
2023-01-03,2022-12-30,7734616.3404145995,0.030798411467014033,0.05065887880586184,391826.9917989018
2023-01-04,2023-01-03,7628441.59779021,0.030364428484128216,0.04994504032242688,381002.82319891057
2023-01-05,2023-01-04,8097237.69264383,0.030973921431953856,0.05094756700825923,412534.5599277739
2023-01-06,2023-01-05,8006826.994138036,0.03065003268881151,0.05041481743437279,403662.7211380769
2023-01-09,2023-01-06,8163808.782071837,0.030771608579993538,0.050614791979933405,413209.4832685195
2023-01-10,2023-01-09,8182564.219233433,0.030561511177778552,0.050269212505887,411331.05957971275
2023-01-11,2023-01-10,8458721.028625637,0.030797633848456355,0.050657599737156854,428498.5041563892
2023-01-12,2023-01-11,8749695.678655498,0.03120664183905975,0.051330358013952984,449125.011698524
2023-01-13,2023-01-12,8983952.662185391,0.03125729489790275,0.051413674881507075,461898.0213244497
2023-01-17,2023-01-13,9030271.070497906,0.030904752998334232,0.050833795059349436,459042.9489280626
2023-01-18,2023-01-17,9103856.110745644,0.030955583263983517,0.05091740340616158,463544.7141424852
2023-01-19,2023-01-18,8937983.511601796,0.030855798781903674,0.050753272538899066,453631.9131125121
2023-01-20,2023-01-19,8659961.071111618,0.030759192630701548,0.05059436956070843,438145.2708131696
2023-01-23,2023-01-20,8955409.588080833,0.030986835285567015,0.050968808407212754,456446.5555030081
2023-01-24,2023-01-23,9497439.866007164,0.03239345225202436,0.0532824874262216,506047.22024182254
2023-01-25,2023-01-24,9320744.96806209,0.032138305401295704,0.05286280820339532,492720.75355942827
2023-01-26,2023-01-25,9306644.197444541,0.032058699141129285,0.052731867557632546,490756.72922565497
2023-01-27,2023-01-26,9321334.853814503,0.03200031354420746,0.05263583179677395,490636.2134867867
2023-01-30,2023-01-27,9697526.210146612,0.0330102783063406,0.054297075998861834,526547.3176332852
2023-01-31,2023-01-30,9529689.652963664,0.032962030645785956,0.0542177156594066,516678.0039267731
2023-02-01,2023-01-31,9807043.991302852,0.03294077312048953,0.05418275014182276,531372.6142106266
2023-02-02,2023-02-01,10333189.129155876,0.03412355926433918,0.0561282602204418,579983.9283483014
2023-02-03,2023-02-02,10734308.710603993,0.03442758876846707,0.05662834425300682,607866.1289821326
2023-02-06,2023-02-03,10532291.013944175,0.03412428392628262,0.05612945218326778,591171.7248474405
2023-02-07,2023-02-06,10406926.583571132,0.03335252604961783,0.05486002344070734,570924.2363204326
2023-02-08,2023-02-07,10331904.8677316,0.03323209528301093,0.05466193245745743,564761.8860368204
2023-02-09,2023-02-08,10158150.143698283,0.0335175904541329,0.05513153022515453,560034.3616789597
2023-02-10,2023-02-09,9765623.456244012,0.03302589168285397,0.0543227577178488,530495.5969772846
2023-02-13,2023-02-10,9488840.046829449,0.03258677817544576,0.05360048027254503,508606.3837394171
2023-02-14,2023-02-13,9633362.520505086,0.03230277896487337,0.05313334314098368,511852.75640348817
2023-02-15,2023-02-14,9675624.151893891,0.03206808007861616,0.052747297826682034,510363.02879898483
2023-02-16,2023-02-15,10114137.057224695,0.03272434947521693,0.053826764923938064,544411.2777877244
2023-02-17,2023-02-16,9979148.65134021,0.032262905085097014,0.05306775644521291,529571.0301598972
2023-02-21,2023-02-17,10195812.33913862,0.03242670138345797,0.053337177380653154,543815.8512724887
2023-02-22,2023-02-21,9516134.548646096,0.03304556422520859,0.05435511617049216,517250.5988856925
2023-02-23,2023-02-22,9629867.78743211,0.032914491194484245,0.0541395202205097,521356.4217985157
2023-02-24,2023-02-23,9357416.160577,0.03180227202601969,0.05231008248729583,489487.2112277379
2023-02-27,2023-02-24,9127348.317507455,0.031283796837699746,0.051457266693303416,469668.39657665533
2023-02-28,2023-02-27,9222330.819047598,0.031427221515038795,0.0516931792940189,476731.60053778364
2023-03-01,2023-02-28,9261891.056346277,0.03119654918227715,0.051313757070838545,475262.42768192507
2023-03-02,2023-03-01,9055570.843991568,0.03104225248621811,0.051059961590699206,462377.0994760651
2023-03-03,2023-03-02,9133433.085401302,0.031043586506358075,0.051062155858564856,466372.7837305342
2023-03-06,2023-03-03,9336603.840656947,0.03119937581217086,0.051318406463271266,479139.6308813728
2023-03-07,2023-03-06,9146913.879506528,0.03091024255218641,0.05084282457191354,465054.9377501515
2023-03-08,2023-03-07,9172776.090603491,0.030638356736539845,0.05039561220193063,462267.6666771949
2023-03-09,2023-03-08,9227178.123908361,0.030573749976872903,0.05028934353896688,464028.73056846746
2023-03-10,2023-03-09,8921946.548276799,0.03057928070866823,0.050298440783220114,448760.00012955564
2023-03-13,2023-03-10,8682710.087863334,0.030013254325158036,0.04936741023335315,428642.91084482294
2023-03-14,2023-03-13,8590762.59804976,0.02960639239412901,0.04869818191043158,418354.519749159
2023-03-15,2023-03-14,8593621.396799335,0.029286518583251306,0.048172036312442594,413972.24198200123
2023-03-16,2023-03-15,8500149.597657967,0.02920300095799622,0.04803466204362739,408301.8132437758
2023-03-17,2023-03-16,8637348.301665371,0.029397634142577483,0.048354805143211,417657.2940810735
2023-03-20,2023-03-17,8498148.12908112,0.029438483333707067,0.048421996083398526,411497.2954225065
2023-03-21,2023-03-20,8413465.878672367,0.029243945092676887,0.048102009152059276,404704.61269643664
2023-03-22,2023-03-21,8745575.46290097,0.02935997166251538,0.04829285587628086,422348.81538501487
2023-03-23,2023-03-22,8704241.628810266,0.029639170620944354,0.04875209729569383,424350.03477298666
2023-03-24,2023-03-23,8651463.753245631,0.029738998066367563,0.0489162988313675,423197.5862825076
2023-03-27,2023-03-24,8669140.413506266,0.029544365077359178,0.04859615605347265,421286.9003842169
2023-03-28,2023-03-27,8645976.658335745,0.02940918568682461,0.04837380574266277,418238.79532592994
2023-03-29,2023-03-28,8634960.079217428,0.029220669565513543,0.04806372431678545,415028.3407339543
2023-03-30,2023-03-29,8792889.848534692,0.02897878099728559,0.047665853028017596,419120.5952118025
2023-03-31,2023-03-30,8704221.447224688,0.02918487681762769,0.04800485048560684,417844.8491676335
2023-04-03,2023-03-31,9081031.579310115,0.028923732012869133,0.04757530550634019,432032.8516984017
2023-04-04,2023-04-03,9125995.074716726,0.02881566479947362,0.04739755075843204,432549.8147750869
2023-04-05,2023-04-04,9082707.910788782,0.028904845502553553,0.04754423996134716,431830.444409368
2023-04-06,2023-04-05,8742398.676998861,0.02846455529207499,0.04682002701173026,409319.3422044016
2023-04-10,2023-04-06,8798635.50961293,0.02598948878963763,0.042748904898250076,376132.0326348092
2023-04-11,2023-04-10,8938787.490595832,0.025400048232604337,0.04177936146014157,373456.8335849951
2023-04-12,2023-04-11,9005413.186673947,0.02529917166209616,0.04161343426726677,374746.1696932336
2023-04-13,2023-04-12,8750289.335287446,0.025147538519239978,0.041364019942273726,361947.14256549504
2023-04-14,2023-04-13,8870893.622698091,0.024786306754480056,0.04076984656383829,361664.97188153275
2023-04-17,2023-04-14,8864838.726274652,0.024547955870150923,0.04037779424726242,357942.63412468176
2023-04-18,2023-04-17,8954283.056763886,0.02464836648294965,0.04054295500790883,363033.0950984586
2023-04-19,2023-04-18,9066478.861035042,0.024456398424266692,0.040227195650325336,364719.01900239545
2023-04-20,2023-04-19,9095718.163550103,0.024115906652018813,0.039667136523796276,360801.09417551546
2023-04-21,2023-04-20,8961786.313209537,0.023934163243429844,0.039368195219004185,352809.3530894329
2023-04-24,2023-04-21,9050020.580259863,0.02393537541651675,0.03937018906630268,356301.0212987611
2023-04-25,2023-04-24,9028184.560375435,0.023802839214933542,0.039152186414426166,353473.1648916632
2023-04-26,2023-04-25,8744783.833514635,0.023940941330019786,0.03937934417931544,344363.8523536863
2023-04-27,2023-04-26,8652141.23501855,0.02346735452600036,0.03860036320704773,333975.79419039056
2023-04-28,2023-04-27,8755062.82249572,0.02351122151030437,0.03867251797528361,338580.32437770296
2023-05-01,2023-04-28,8783741.336599689,0.0233582335975612,0.03842087525212827,337479.0301404591
2023-05-02,2023-05-01,8716905.07020684,0.022778401122855677,0.037467135703084645,326597.46517634625
2023-05-03,2023-05-02,8717583.748849822,0.02251793713867122,0.03703871057400861,322888.0613783295
2023-05-04,2023-05-03,8669819.743638579,0.022408309180201154,0.03685838862890383,319555.58545357414
2023-05-05,2023-05-04,8665108.225581845,0.022569567988212642,0.0371236357641394,321680.3216233487
2023-05-08,2023-05-05,9216171.363043366,0.023930688039425493,0.03936247901709323,362771.35189573
2023-05-09,2023-05-08,9246411.750285458,0.024313158667953437,0.03999158721762983,369778.6819616582
2023-05-10,2023-05-09,9207040.276752625,0.024199078265423786,0.03980394165376485,366476.4939797245
2023-05-11,2023-05-10,9243552.78765154,0.02441792447323264,0.04016391163242382,371257.2373328813
2023-05-12,2023-05-11,9221310.437837642,0.023976547586869006,0.03943791126003605,363669.22274868505
2023-05-15,2023-05-12,9050084.960177796,0.02352029701296633,0.03868744584875354,350124.67182349734
2023-05-16,2023-05-15,9220171.617909126,0.023651995334171186,0.03890407031005077,358702.2048938712
2023-05-17,2023-05-16,8886986.50008572,0.023968675929263297,0.03942496353547317,350369.1187061219
2023-05-18,2023-05-17,9233240.116199313,0.02430865651777867,0.03998418183958578,369183.5517746715
2023-05-19,2023-05-18,9489207.71637591,0.024207737952531803,0.03981818557151274,377843.0337772866
2023-05-22,2023-05-19,9165559.51534394,0.024340028077232623,0.04003578346293674,366950.35607296944
2023-05-23,2023-05-22,9426972.84490137,0.02445323171517267,0.04022198687738653,379171.5780611021
2023-05-24,2023-05-23,9293635.744223353,0.02454581196612391,0.04037426783894776,375223.7387348922
2023-05-25,2023-05-24,9322392.94317105,0.024295089652645246,0.03996186633226471,372540.2206918493
2023-05-26,2023-05-25,9121854.962127665,0.02438220573031213,0.040105159528580875,365833.4484527071
2023-05-30,2023-05-26,9199609.44767889,0.0244639803759176,0.040239666850997696,370189.2193338895
2023-05-31,2023-05-30,9406662.587357553,0.024402122382325343,0.04013791950588153,377563.86575034476
2023-06-01,2023-05-31,9311329.433846248,0.024278482035208798,0.03993454923248935,371843.74369586015
2023-06-02,2023-06-01,9592521.571167002,0.024945236171492528,0.041031262191840535,393593.26766743936
2023-06-05,2023-06-02,9829189.258062426,0.02487650923640549,0.040918216443393364,402192.8935244754
2023-06-06,2023-06-05,9909084.796317533,0.024637362153536724,0.04052485449676181,401564.21956684266
2023-06-07,2023-06-06,10243103.368625918,0.02446936681036498,0.04024852674723481,412269.81990683125
2023-06-08,2023-06-07,10387990.705444543,0.024252726206054252,0.03989218466348935,414399.6435042047
2023-06-09,2023-06-08,10633805.416898545,0.02573722526547104,0.0423339683255771,450171.1816993332
2023-06-12,2023-06-09,10496117.858700464,0.024931516396011832,0.041008695169380154,430432.09772933443
2023-06-13,2023-06-12,10681674.665800823,0.02516343508994836,0.0413901674742595,442116.3033230509
2023-06-14,2023-06-13,10951539.094323145,0.025298412098830683,0.04161218489687465,455717.46969832585
2023-06-15,2023-06-14,10774937.303321332,0.02528008581061578,0.041582040835235805,448043.88294381317
2023-06-16,2023-06-15,10860135.962543642,0.024942518204805603,0.041026791534477615,445556.5341713614
2023-06-20,2023-06-16,10742867.224573368,0.024836871334953256,0.04085301789742491,438878.5469951553
2023-06-21,2023-06-20,10676245.025399854,0.024585329633799103,0.04043926861795196,431739.5404132181
2023-06-22,2023-06-21,10592645.299861204,0.024684273175018374,0.0406020162605899,430082.7567076258
2023-06-23,2023-06-22,10678105.172308471,0.024452970068665734,0.040221556507180616,429490.01057762274
2023-06-26,2023-06-23,10434475.246518558,0.023994516350081235,0.039467467245377516,411822.3100146737
2023-06-27,2023-06-26,10451154.082952134,0.023842290820714547,0.03921707853128411,409863.7304136844
2023-06-28,2023-06-27,10898186.023092628,0.023767608703031295,0.0390942373791444,426056.27138885687
2023-06-29,2023-06-28,10978946.109312633,0.02403353802811983,0.03953165219402903,434015.8790503352
2023-06-30,2023-06-29,11053156.912484307,0.02355888915232262,0.03875092426914555,428320.046450662
2023-07-03,2023-06-30,11130068.509076092,0.023602904893930365,0.03882332372137201,432106.25276890944
2023-07-05,2023-07-03,11197579.915639233,0.023645818405295713,0.03889391016618653,435517.6673175668
2023-07-06,2023-07-05,11048662.397571282,0.023580332927432824,0.0387861961404111,428535.58684138453
2023-07-07,2023-07-06,10613184.842655184,0.02321543996181661,0.03818600062246819,405275.08300800086
2023-07-10,2023-07-07,10959515.020711433,0.02401566479091375,0.03950225333498525,432925.5387767191
2023-07-11,2023-07-10,11563785.533251699,0.025208787794065116,0.041464766034118,479489.66160500015
2023-07-12,2023-07-11,11916943.187721511,0.02547079857104127,0.0418957354109276,499269.0986998366
2023-07-13,2023-07-12,12090130.13439992,0.025338883067498125,0.04167875371647353,503901.55627176934
2023-07-14,2023-07-13,12129279.401514648,0.025150793029943656,0.04136937313600862,501780.6854321628
2023-07-17,2023-07-14,11927558.533011481,0.025122631937321043,0.0413230522606694,492883.1246018267
2023-07-18,2023-07-17,11964700.134134695,0.02401880340856766,0.039507415901616896,472694.38433739083
2023-07-19,2023-07-18,12089968.825372932,0.024497793625585886,0.04029528469735359,487168.7358005319
2023-07-20,2023-07-19,12640060.834105484,0.027035352460160946,0.04446919755000713,562093.3622759447
2023-07-21,2023-07-20,12171186.168271776,0.02559306780520368,0.04209685040420422,512368.6033674565
2023-07-24,2023-07-21,12107812.629820365,0.02542696851158684,0.04182364137866448,506392.8133096715
2023-07-25,2023-07-24,12115024.109614115,0.025461914764408487,0.041881122849366535,507390.8130577862
2023-07-26,2023-07-25,12031558.607876787,0.0249577687047709,0.041051876374658354,493918.0565650144
2023-07-27,2023-07-26,12137062.23374296,0.02479202262835432,0.04077924833971157,494940.2749443386
2023-07-28,2023-07-27,11911742.648877913,0.02432504501090588,0.04001113851194635,476602.38504291285
2023-07-31,2023-07-28,12604637.735065283,0.02530119656240671,0.04161676493188679,524564.2456718019
2023-08-01,2023-07-31,12997900.083953055,0.02560982918643988,0.0421244204229233,547529.0077515886
2023-08-02,2023-08-01,13032174.818616522,0.02609486173823302,0.042922227974929776,559369.9785737975
2023-08-03,2023-08-02,12779103.593061578,0.026352366552650216,0.04334578570288137,553920.2858197684
2023-08-04,2023-08-03,13049105.620754171,0.02590251668224484,0.04260584851196143,555968.2172944366
2023-08-07,2023-08-04,12879095.013185788,0.02498838967919898,0.04110224339550717,529359.6979458249
2023-08-08,2023-08-07,12964167.882905662,0.024782032097575162,0.0407628153789243,528455.9819522634
2023-08-09,2023-08-08,12863137.018924344,0.024688585226638256,0.04060910895433646,522360.5326960574
2023-08-10,2023-08-09,12283997.841809679,0.024848531176220257,0.04087219662962262,502073.9751883051
2023-08-11,2023-08-10,12228798.52172705,0.02438177416770713,0.04010444967126478,490429.2348546396
2023-08-14,2023-08-11,12249228.090047859,0.024705946506825154,0.0406376657190204,497780.03643939964
2023-08-15,2023-08-14,12431854.060813805,0.024305699315882463,0.03997931767532118,497017.04279050673
2023-08-16,2023-08-15,12217414.346070373,0.024204827427660863,0.03981339818412244,486416.78214050963
2023-08-17,2023-08-16,11924847.96542808,0.024264037843504227,0.0399107906513757,475930.1106976835
2023-08-18,2023-08-17,11568734.748839715,0.024479271076445427,0.040264817815219525,465812.9970146305
2023-08-21,2023-08-18,11719792.798853936,0.024719658633955043,0.04066022016106322,476529.35544344434
2023-08-22,2023-08-21,11742089.315554405,0.024858782849358517,0.0408890591313664,480122.9843494897
2023-08-23,2023-08-22,11117663.437841173,0.0255915217550474,0.042094307377997214,467990.3420776076
2023-08-24,2023-08-23,11451419.536237264,0.025842373153193786,0.04250692121006414,486764.58797022665
2023-08-25,2023-08-24,11138321.11025065,0.025357027372557957,0.04170859844245971,464563.76251061633
2023-08-28,2023-08-25,11408746.974643184,0.02582745634308859,0.04248238524086007,484670.7840922886
2023-08-29,2023-08-28,11645941.222551715,0.0263482820414336,0.04333906727979239,504724.23018067644
2023-08-30,2023-08-29,11956185.264793677,0.026135021948590822,0.04298828564259594,513975.9073587472
2023-08-31,2023-08-30,12202374.648830807,0.026434593352747466,0.04348103675325394,530571.9005827864
2023-09-01,2023-08-31,12241449.888638454,0.02648664922149181,0.04356666103776218,533319.0979090631
2023-09-05,2023-09-01,12442952.896818778,0.026468575202707158,0.04353693192241066,541727.9931825617
2023-09-06,2023-09-05,12441653.308649518,0.026147243438118077,0.0430083882039716,535095.4553976262
2023-09-07,2023-09-06,12384646.845040662,0.026317984354140806,0.0432892320189606,536121.8507478536
2023-09-08,2023-09-07,12078002.017341048,0.026182065943936465,0.04306566612896651,520147.2023837935
2023-09-11,2023-09-08,11787753.718587432,0.02650347375621145,0.04359433493471756,513879.2837360629
2023-09-12,2023-09-11,12068072.21872551,0.027091939670728114,0.0445622752285476,537780.7556888353
2023-09-13,2023-09-12,11927215.82966896,0.027153161279551596,0.044662975813868716,532704.9521272968
2023-09-14,2023-09-13,11855068.833336528,0.026805661875355272,0.04409139015851291,522706.46528666734
2023-09-15,2023-09-14,12146562.47055244,0.027755372452252663,0.04565352504547676,554533.3939658139
2023-09-18,2023-09-15,11932441.410316532,0.0273675727133983,0.04501565123849133,537146.6209505406
2023-09-19,2023-09-18,11610846.446009522,0.02729624563343402,0.04489832863231223,521307.5994322501
2023-09-20,2023-09-19,11378810.278526125,0.026728477314503517,0.04396443285365125,500262.94044469856
2023-09-21,2023-09-20,11191996.939565541,0.026239080354774343,0.043159446489421695,483040.39302295033
2023-09-22,2023-09-21,10915999.976117976,0.026412231356398298,0.04344425454245313,474237.4815478817
2023-09-25,2023-09-22,10740294.96819388,0.02637703381513068,0.04338635973903932,465982.30119345355
2023-09-26,2023-09-25,10627765.829874277,0.026160119191215022,0.04302956693315284,457308.1611264498
2023-09-27,2023-09-26,10436092.041711913,0.026234610244651544,0.04315209381257334,450339.22282060253
2023-09-28,2023-09-27,10608899.73791873,0.026413523162110684,0.04344637937376447,460918.28275184764
2023-09-29,2023-09-28,10696329.424638629,0.025031342552727556,0.041172894585318635,440398.8438504882
2023-10-02,2023-09-29,10847493.751505448,0.025014846351721975,0.04114576074926369,446328.38262857596
2023-10-03,2023-10-02,10630605.914804406,0.02487547758473898,0.04091651952740795,434967.39450127294
2023-10-04,2023-10-03,10232307.04478122,0.025196865330631694,0.04144515532689734,424079.55482346355
2023-10-05,2023-10-04,10281545.63967865,0.02507958550226936,0.04125224717584731,424136.8620777788
2023-10-06,2023-10-05,9965554.132848011,0.024950520551453262,0.04103995422338514,408985.885422749
2023-10-09,2023-10-06,10209880.864729136,0.02516607231521849,0.041394505323810164,422632.96781049774
2023-10-10,2023-10-09,10130603.950932281,0.025001467304728454,0.04112375417529124,416608.4665253733
2023-10-11,2023-10-10,10325661.219140222,0.024653016655160304,0.040550603860535474,418711.7976954489
2023-10-12,2023-10-11,10276118.844118219,0.024310522229595493,0.03998725066243453,410913.74005672225
2023-10-13,2023-10-12,9782035.55948535,0.024000935677486335,0.03947802609934238,386175.4551220579
2023-10-16,2023-10-13,9655796.45134056,0.02383547763037508,0.03920587183044313,378563.9180921056
2023-10-17,2023-10-16,9904304.69876145,0.023894237935516552,0.039302523931475854,389264.17244770064
2023-10-18,2023-10-17,10032181.767834248,0.02378224142963454,0.03911830607256993,392441.95696979575
2023-10-19,2023-10-18,9628772.236901138,0.023764879690473518,0.03908974855294074,376386.28561400226
2023-10-20,2023-10-19,9387899.313953336,0.023907392949555947,0.039324162004031146,369171.2734994338
2023-10-23,2023-10-20,9311264.575086577,0.0236122631608421,0.03883871670064376,361637.56695652765
2023-10-24,2023-10-23,9302552.16990444,0.023741159908979154,0.03905073298431924,363271.4808596379
2023-10-25,2023-10-24,9428860.759169333,0.023294279064384537,0.038315679406272646,361273.20601471665
2023-10-26,2023-10-25,9093823.37598658,0.023137299089770278,0.03805747032566963,346087.91327849013
2023-10-27,2023-10-26,8895726.345404686,0.023212793584726586,0.038181647719513385,339653.489529436
2023-10-30,2023-10-27,8839684.085857548,0.023023115338388606,0.03786965476807056,334755.78459023277
2023-10-31,2023-10-30,8959643.334081326,0.022765408785150775,0.037445765209288155,335500.70064697304
2023-11-01,2023-10-31,9110067.326713067,0.02200306368423037,0.036191819105050545,329709.9087232307
2023-11-02,2023-11-01,9051420.501711912,0.021871215982421782,0.03597494893452547,325624.39033400296
2023-11-03,2023-11-02,9792373.046496868,0.02396380281824479,0.03941694798113985,385985.45898568304
2023-11-06,2023-11-03,10516321.918319223,0.025131810964732673,0.04133815041719931,434725.29729517
2023-11-07,2023-11-06,10423587.59947213,0.025232978673844816,0.041504556490462786,432626.3803555784
2023-11-08,2023-11-07,10497371.78086335,0.025347064085678262,0.04169221029389929,437658.63182099885
2023-11-09,2023-11-08,10442303.344748223,0.02534710520113615,0.041692277922809315,435363.4132035242
2023-11-10,2023-11-09,10012602.669041447,0.02546800735889698,0.041891144275508475,419439.38298215653
2023-11-13,2023-11-10,10025633.175060613,0.025321719341190093,0.04165052189900376,417572.8541092407
2023-11-14,2023-11-13,9959703.718780348,0.02538165630272597,0.0417491094275745,415808.76042158145
2023-11-15,2023-11-14,10606116.132805742,0.02632261247036879,0.04329684459272415,459211.36193447467
2023-11-16,2023-11-15,10857988.798941262,0.026414349746072773,0.04344773898339249,471755.0632209993
2023-11-17,2023-11-16,10599501.950203752,0.026168016730887395,0.043042557229926934,456229.6693003671
2023-11-20,2023-11-17,10871650.57943939,0.0261829027595518,0.043067042568166486,468209.8382909481
2023-11-21,2023-11-20,11037643.53120614,0.026342117463052973,0.04332892745068439,478249.2557901467
2023-11-22,2023-11-21,10925692.774367278,0.026147761222928424,0.043009239884194875,469905.7414337769
2023-11-24,2023-11-22,10978358.812972963,0.02620651561332041,0.043105882256330455,473231.8423597603
2023-11-27,2023-11-24,11042011.868617294,0.026134569210252815,0.04298754095429861,474668.9374200373
2023-11-28,2023-11-27,11176654.585176716,0.02607041353465839,0.0428820142586076,479277.4612850799
2023-11-29,2023-11-28,11416536.022072397,0.025943527378509273,0.04267330510445579,487181.32490590547
2023-11-30,2023-11-29,11662094.533957766,0.02521712277933981,0.04147847586487767,483725.90666068904
2023-12-01,2023-11-30,11496105.340677548,0.024950276502907875,0.04103955279925011,471795.0221144774
2023-12-04,2023-12-01,11986094.853667714,0.025289042458074715,0.04159677320929396,498582.86929310136
2023-12-05,2023-12-04,12248748.225739494,0.025581410658681476,0.04207767610446727,515398.86052783456
2023-12-06,2023-12-05,11899938.086093849,0.025734146613831,0.04232890439426086,503711.34154389007
2023-12-07,2023-12-06,11806607.567334734,0.025540040821463914,0.04200962877767357,495991.2010274038
2023-12-08,2023-12-07,11815061.930007966,0.025527855840642946,0.041989586267775866,496109.5621691839
2023-12-11,2023-12-08,11874108.177611016,0.025356099879731406,0.04170707285251998,495234.29482232593
2023-12-12,2023-12-11,11999270.192938428,0.02501896992205332,0.04115254341887919,493800.48760976153
2023-12-13,2023-12-12,11902750.178330448,0.024960792542639422,0.04105685014534371,488689.4303891763
2023-12-14,2023-12-13,12535299.43083155,0.025695403549146227,0.0422651777237949,529806.6582650805
2023-12-15,2023-12-14,13121180.891440727,0.026343993599481072,0.0433320134204928,568567.1864806233
2023-12-18,2023-12-15,12966328.313058011,0.02633281776143386,0.043313630802746625,561618.7574189951
2023-12-19,2023-12-18,12952673.197881239,0.02645825483624686,0.04351995643020697,563699.7732265011
2023-12-20,2023-12-19,13315150.980210913,0.02594682280041922,0.0426787255911367,568273.6748889765
2023-12-21,2023-12-20,12867083.54274537,0.02581780335864403,0.04246650749438553,546420.099698881
2023-12-22,2023-12-21,13109755.934769366,0.02605045287927484,0.04284918190220363,561742.3167424261
2023-12-26,2023-12-22,12934461.188895332,0.025857480784678213,0.042531771052505954,550125.5419736202
2023-12-27,2023-12-26,12966822.58677736,0.025681931389098252,0.042243017992477115,547757.7198384947
2023-12-28,2023-12-27,13034205.86861806,0.025670155974409952,0.04222364915891821,550351.7356616417
2023-12-29,2023-12-28,13061563.94291408,0.025673543522679244,0.04222922117997542,551579.6727017105
2024-01-02,2023-12-29,12802987.612332262,0.025633987150352602,0.04216415673748491,539827.1763944551
2024-01-03,2024-01-02,12452592.106481496,0.025141873864284743,0.04135470241402518,514973.24084678123
2024-01-04,2024-01-03,11923466.179234907,0.025503580695428248,0.041949657207124694,500185.31893964915
2024-01-05,2024-01-04,11924613.458285606,0.025533376907896727,0.04199866761527289,500817.87707514694
2024-01-08,2024-01-05,11973019.463716934,0.025477279815157523,0.04190639610881938,501746.096265126
2024-01-09,2024-01-08,12300577.258019716,0.02556786168501849,0.04205539002599624,517305.5741309185
2024-01-10,2024-01-09,12224816.928274546,0.025361630569208028,0.04171617002716515,509972.54153086775
2024-01-11,2024-01-10,12163859.372729942,0.025177804014557482,0.041413802252018204,503751.66668359603
2024-01-12,2024-01-11,11982951.56429107,0.025173033355224483,0.041405955215711374,496165.55582307454
2024-01-16,2024-01-12,11699413.927469797,0.025064356544977167,0.041227197770210555,482334.05178335315
2024-01-17,2024-01-16,11694708.334680362,0.024443679215180793,0.040206274413128434,470200.6524856589
2024-01-18,2024-01-17,11726826.297708109,0.02425437059397151,0.039894889440919165,467840.4386399284
2024-01-19,2024-01-18,11918028.938962432,0.02410596494968562,0.03965078387865545,472559.18971836066
2024-01-22,2024-01-19,12173466.089200221,0.024279643725198422,0.03993646004248217,486165.1420498563
2024-01-23,2024-01-22,12540246.532125201,0.02450299025910988,0.040303832398853476,505419.99447107763
2024-01-24,2024-01-23,12409597.945915528,0.024298079864117257,0.0399667847924498,495971.730465233
2024-01-25,2024-01-24,12094610.36155404,0.024145619867246223,0.039716010413631465,480349.67106829525
2024-01-26,2024-01-25,12203625.849995358,0.02406270817169122,0.03957963281048112,483015.03009931184
2024-01-29,2024-01-26,12276496.57296253,0.02408064534572384,0.039609136836245944,486261.4326281772
2024-01-30,2024-01-29,12525183.196899556,0.024299708939867624,0.03996946438360637,500624.8636866218
2024-01-31,2024-01-30,12372946.904252024,0.0242151723650286,0.039830414091872345,492819.59873310814
2024-02-01,2024-01-31,12025552.900262011,0.02431992473240522,0.04000271640328353,481054.78226186504
2024-02-02,2024-02-01,12238412.320608845,0.024226648213248197,0.03984929018243869,487692.0439362748
2024-02-05,2024-02-02,12383012.894649114,0.02423879369052621,0.03986926771479049,493701.6562124683
2024-02-06,2024-02-05,12202134.730593769,0.024234139134384103,0.0398616116512383,486396.75594701606
2024-02-07,2024-02-06,12507343.754101144,0.024613966535553537,0.040486372129667395,506376.97358221014
2024-02-08,2024-02-07,12588528.645357389,0.02443132450590588,0.040185952724767666,505882.0170167156
2024-02-09,2024-02-08,12866025.853146039,0.02463270300573793,0.04051719088060646,521295.2253667356
2024-02-12,2024-02-09,13071471.67917801,0.02454282000253879,0.04036934649679306,527686.7694397545
2024-02-13,2024-02-12,13397631.455031833,0.0246313634701773,0.04051498754068113,542804.8714752522
2024-02-14,2024-02-13,12825788.231703458,0.024791630884813887,0.040778603978928255,523017.73901823384
2024-02-15,2024-02-14,13093567.741071012,0.02481238205119042,0.040812736610206166,534384.3315042233
2024-02-16,2024-02-15,13464101.07396367,0.02493397684067561,0.04101274224070928,552199.7068493289
2024-02-20,2024-02-16,12901265.896439549,0.024812118937608534,0.0408123038268767,526530.3835168136
2024-02-21,2024-02-20,12564675.61307606,0.024866157566486535,0.040901189461582166,513910.177773745
2024-02-22,2024-02-21,12306287.605777651,0.02477738597403202,0.0407551731857631,501544.8826472781
2024-02-23,2024-02-22,12567448.150377257,0.025028412463187922,0.04116807501691208,517377.6482258839
2024-02-26,2024-02-23,13136517.844713122,0.02636377464088852,0.04336455033819672,569659.1893456817
2024-02-27,2024-02-26,13109544.01434388,0.026301694406789294,0.04326243743997661,567150.8277871719
2024-02-28,2024-02-27,13713239.045141581,0.02698576549568045,0.04438763425163188,608698.2391409421
2024-02-29,2024-02-28,13573808.969638452,0.026706270436123693,0.04392790578920493,596269.0016189427
2024-03-01,2024-02-29,13654549.871981686,0.026564451798595512,0.04369463488889738,596630.5712284803
2024-03-04,2024-03-01,13949691.475882027,0.026950073723796503,0.04432892651119624,618374.848288235
2024-03-05,2024-03-04,13966653.56641935,0.026836840852542867,0.04414267501222457,616525.4493907766
2024-03-06,2024-03-05,13618818.105511291,0.026781983052249606,0.04405244196044562,599942.1941629021
2024-03-07,2024-03-06,13532830.790164705,0.026885314621096553,0.0442224072662421,598454.3546678046
2024-03-08,2024-03-07,13667606.417761233,0.02638291282331709,0.043396029846977616,593119.8560419093
2024-03-11,2024-03-08,13887085.739555087,0.026751262127420756,0.04400191053581758,611058.304315131
2024-03-12,2024-03-11,13687052.133893287,0.026188027804004543,0.04307547251612286,589576.238020261
2024-03-13,2024-03-12,13854217.796312006,0.025998333016802322,0.0427634523573795,592454.1826813477
2024-03-14,2024-03-13,14200764.690935215,0.025843238043173105,0.042508343827483544,603650.9880954622
2024-03-15,2024-03-14,14283738.68044195,0.0252199031108613,0.041483049103264925,592533.0330589779
2024-03-18,2024-03-15,14153390.570827838,0.02550851409021706,0.041957771919436254,593844.7334574941
2024-03-19,2024-03-18,14218573.854088372,0.02550332671201181,0.041949239441580986,596458.359122956
2024-03-20,2024-03-19,14223504.890754119,0.02533390509024229,0.041670565672529386,592701.4946437124
2024-03-21,2024-03-20,14851103.83073358,0.025612329050015203,0.042128532332592054,625655.2079077413
2024-03-22,2024-03-21,15231880.782076433,0.025444308565376196,0.04185216322903144,637487.1607766099
2024-03-25,2024-03-22,14880441.631177833,0.02557694313189545,0.04207032767682977,626025.0553995908
2024-03-26,2024-03-25,14973417.776738383,0.02574929593577042,0.042353822811398774,634181.4833970261
2024-03-27,2024-03-26,15190355.257874973,0.02584183055763858,0.0425060287197972,645681.6768551561
2024-03-28,2024-03-27,15163501.454061506,0.025812388091348566,0.04245760017233367,643805.8819491437
2024-04-01,2024-03-28,15362307.342852665,0.02447625351567046,0.04025985436943427,618484.2564017391
2024-04-02,2024-04-01,15155075.81244423,0.023450064226695787,0.03857192319552553,584560.4202599655
2024-04-03,2024-04-02,14656521.532509921,0.0235767363856552,0.03878028035562369,568384.0140689701
2024-04-04,2024-04-03,14389673.217482533,0.023743535054010098,0.03905463975023792,561983.5036324273
2024-04-05,2024-04-04,14253434.0347362,0.02379886477245415,0.03914564903829883,557959.9263143268
2024-04-08,2024-04-05,14422626.719704669,0.023231726179778145,0.038212789067151545,551128.7926343384
2024-04-09,2024-04-08,14401383.194413323,0.023218039922613,0.038190277177414064,549992.8159327976
2024-04-10,2024-04-09,14485472.505123166,0.02326374529760626,0.03826545582924291,554293.2083105032
2024-04-11,2024-04-10,14091220.652653325,0.02222359360156589,0.03655455853943118,515098.3502394576
2024-04-12,2024-04-11,14240411.964615729,0.022083932062283103,0.03632483574999626,517280.6256269479
2024-04-15,2024-04-12,13724875.802092675,0.02200752970827492,0.03619916506089827,496829.0446002813
2024-04-16,2024-04-15,13266518.73439464,0.02196773784994713,0.03613371327840467,479368.58415119996
2024-04-17,2024-04-16,13326556.554588499,0.021907841054419296,0.03603519181703794,480225.0217052008
2024-04-18,2024-04-17,13044405.272230737,0.022050929397379803,0.036270551196931004,473127.7692599617
2024-04-19,2024-04-18,13077057.783675501,0.022212725767960198,0.03653668254390775,477792.3088504897
2024-04-22,2024-04-19,12982287.991104282,0.022274223904382856,0.03663783797665332,475642.9639843308
2024-04-23,2024-04-22,13100711.192560272,0.022254781269262697,0.03660585768775843,479562.7695232854
2024-04-24,2024-04-23,13612562.519381545,0.022608232584398112,0.03718723336540969,506213.5391094708
2024-04-25,2024-04-24,13554420.675061146,0.022485030279550053,0.03698458360743157,501304.60470709804
2024-04-26,2024-04-25,13546191.763535554,0.02257036633139182,0.03712494892181323,502901.6773063445
2024-04-29,2024-04-26,13912943.241496807,0.0224589034158851,0.03694160874097141,513966.50566271757
2024-04-30,2024-04-29,13895470.629382297,0.022200326866626995,0.03651628816607962,507411.0097058198
2024-05-01,2024-04-30,13595716.368479546,0.022169678532146582,0.03646587614194949,495779.7091540504
2024-05-02,2024-05-01,13633249.907330262,0.022478386983385105,0.036973656357639745,504071.097111453
2024-05-03,2024-05-02,14952187.00881164,0.02647865397472129,0.04355351002711332,651220.2268155513
2024-05-06,2024-05-03,15401588.390578667,0.026943407032729693,0.044317960780215236,682566.9902466837
2024-05-07,2024-05-06,15843369.037271615,0.02690302871310958,0.04425154435473789,701093.5476813058
2024-05-08,2024-05-07,15506639.104473185,0.026737011082647887,0.04397846965313508,681958.2572781917
2024-05-09,2024-05-08,15262551.085422656,0.026015446540880244,0.042791601599528994,653109.005439865
2024-05-10,2024-05-09,15818256.121126097,0.025925256467677682,0.042643252130506744,674541.8840381118
2024-05-13,2024-05-10,15496866.843039464,0.025906075959684225,0.042611703002366934,660347.8873828254
2024-05-14,2024-05-13,16105860.450322498,0.02646363609014266,0.043528807805195024,701068.9040793797
2024-05-15,2024-05-14,17140600.65392534,0.02829784227640483,0.04654580850324518,797823.1156682081
2024-05-16,2024-05-15,16955065.98289188,0.027188778474523254,0.044721560886199684,758257.0156834323
2024-05-17,2024-05-16,16092570.811764164,0.02682910010790421,0.04412994262033037,710164.2265367558
2024-05-20,2024-05-17,15788161.553298136,0.026447822446313093,0.043502796675786645,686829.1819376007
2024-05-21,2024-05-20,15838813.572271809,0.026491035771798854,0.04357387627094453,690158.5028767287
2024-05-22,2024-05-21,15504155.38778095,0.026520734710456247,0.043622726677911755,676333.5328530413
2024-05-23,2024-05-22,15186150.161832927,0.026802195471319987,0.044085688431262995,669491.8845049405
2024-05-24,2024-05-23,14772321.07520755,0.026390249298309708,0.04340809727447826,641238.3502024346
2024-05-28,2024-05-24,14865429.193567581,0.026085354349288672,0.04290658971174183,637824.8712973534
2024-05-29,2024-05-28,14651385.591017855,0.025977242816691608,0.042728762065234266,626035.5688446036
2024-05-30,2024-05-29,14785901.015791973,0.02550971008099551,0.04195973914920599,620412.5497086111
2024-05-31,2024-05-30,14861625.361046994,0.02541550063575382,0.04180477840150711,621286.9549047877
2024-06-03,2024-05-31,14881630.103594411,0.0251717374532271,0.041403823646610806,616156.3883833175
2024-06-04,2024-06-03,14925974.317314632,0.025600611403844047,0.0421092585197881,628521.7111875195
2024-06-05,2024-06-04,14666888.751380736,0.025876493528362632,0.042563044232913565,624267.4346842407
2024-06-06,2024-06-05,15122500.087884266,0.026455151378694728,0.04351485169679626,658053.3486090723
2024-06-07,2024-06-06,15654955.421599966,0.028444134871492867,0.04678643840887188,732439.6076263217
2024-06-10,2024-06-07,14962913.306378143,0.02649228226558783,0.0435759265707743,652022.8115235956
2024-06-11,2024-06-10,14956984.051198823,0.02617096379007888,0.043047404710926884,643859.3457068345
2024-06-12,2024-06-11,15073492.640534328,0.02661246498465658,0.04377360955213143,659821.1814336763
2024-06-13,2024-06-12,15203911.263707351,0.02624914787462128,0.043176006085956335,656444.1652521687
2024-06-14,2024-06-13,14967612.127779074,0.026380377683906,0.04339185991372246,649472.5286915229
2024-06-17,2024-06-14,14534288.83148771,0.026385167146025058,0.04339973787786013,630784.3255276766
2024-06-18,2024-06-17,14884987.605050875,0.02592966957079585,0.042650511039176775,634852.3281672318
2024-06-20,2024-06-18,14922675.779183988,0.025928519229360923,0.0426486188958953,636431.5122134254
2024-06-21,2024-06-20,14968766.56369705,0.025920306177446204,0.042635109627665035,638195.0034341506
2024-06-24,2024-06-21,14908881.73355671,0.02590312854268837,0.042606854932831166,635220.5612323872
2024-06-25,2024-06-24,15013943.21048184,0.026221565785370608,0.043130637586413466,647560.9433542853
2024-06-26,2024-06-25,15083565.415879944,0.026813408576930143,0.04410413234869525,665247.5653921716
2024-06-27,2024-06-26,15005746.17477113,0.026663313922732603,0.0438572486123524,658110.7406007935
2024-06-28,2024-06-27,15300262.632848624,0.027154181953086075,0.044664654672433836,683380.9468937272
2024-07-01,2024-06-28,15253317.704538045,0.02681967074209369,0.04411443269377708,672891.4572336419
2024-07-02,2024-07-01,14795422.276446614,0.02672970334652426,0.04396644949686733,650502.1863022159
2024-07-03,2024-07-02,14883446.439410888,0.027045440308030837,0.044485790583164056,662101.8814593714
2024-07-05,2024-07-03,14950755.799626416,0.02686553568878823,0.04418987381769753,660672.0122647008
2024-07-08,2024-07-05,14904264.12225232,0.02687525990148419,0.04420586872421973,658855.9432193841
2024-07-09,2024-07-08,14807847.351022063,0.026482497234007227,0.04355983162608911,645027.3373553507
2024-07-10,2024-07-09,14873035.965568041,0.026282854976739607,0.043231449335129686,642982.9008050164
2024-07-11,2024-07-10,15055257.52106661,0.02655152328227174,0.04367336937193113,657513.8227070862
2024-07-12,2024-07-11,15414848.718352525,0.026170238528487755,0.04304621176176824,663550.8422058246
2024-07-15,2024-07-12,15855446.549730701,0.026041263255034936,0.04283406631544231,679153.2489721158
2024-07-16,2024-07-15,15884529.624735367,0.02638968300627047,0.04340716580696361,689502.4111865135
2024-07-17,2024-07-16,16395428.914674629,0.026381158835830754,0.043393144794299086,711449.2208591141
2024-07-18,2024-07-17,15688776.62059909,0.026398332230860203,0.043421392515400344,681228.5277294692
2024-07-19,2024-07-18,15198804.783000518,0.025025182728718613,0.041162762576456145,625624.7927285563
2024-07-22,2024-07-19,15100631.473826708,0.02505158768262752,0.041206194860662695,622239.5630295594
2024-07-23,2024-07-22,14955561.562947804,0.024491529860642774,0.04028498172086854,602484.5241886765
2024-07-24,2024-07-23,15093616.604588307,0.02442640624355343,0.04017786290309894,606429.2586510867
2024-07-25,2024-07-24,14399068.053732026,0.02484961471902087,0.04087397889892816,588547.2037924734
2024-07-26,2024-07-25,14485733.176539052,0.024683782667484708,0.040601209447494103,588138.2867011761
2024-07-29,2024-07-26,15060044.332910093,0.02514803885206137,0.04136484291652968,622956.3681467989
2024-07-30,2024-07-29,14895049.276368253,0.02483678495607217,0.04085287581680906,608505.5983727239
2024-07-31,2024-07-30,14817729.57507768,0.024661478231953554,0.04056452191581358,601074.1160908376
2024-08-01,2024-07-31,15212841.666131051,0.02486532736271841,0.04089982389790306,622202.5451314421
2024-08-02,2024-08-01,15094291.871093823,0.02538573267880435,0.041755814469551844,630274.4509186582
2024-08-05,2024-08-02,14202948.668603607,0.026019879172372005,0.04279889262951515,607870.475090081
2024-08-06,2024-08-05,13903494.083264029,0.02611933053283074,0.04296247556047097,597328.5247573835
2024-08-07,2024-08-06,14115026.541712452,0.02610639910075861,0.04294120524752544,606116.2518019436
2024-08-08,2024-08-07,13580030.515195964,0.026100239291221617,0.042931073262467194,583005.2849544181
2024-08-09,2024-08-08,13963453.964094156,0.026337331163612955,0.043321054688690804,604911.5528215393
2024-08-12,2024-08-09,14060603.036633594,0.02636410136435681,0.04336508775047855,609739.284508261
2024-08-13,2024-08-12,13852028.823073657,0.02639806112473819,0.043420946585512266,601468.2036276576
2024-08-14,2024-08-13,14698781.338620756,0.02683633418440159,0.04414184161729473,648831.2778166449
2024-08-15,2024-08-14,14484239.602382386,0.02663127933630502,0.0438045564066791,634475.6906704145
2024-08-16,2024-08-15,15096281.401103936,0.0271102697565231,0.04459242553664982,673179.8042590389
2024-08-19,2024-08-16,15259312.658769106,0.027186242842465035,0.044717390142612105,682356.6374702777
2024-08-20,2024-08-19,15360275.207058515,0.027092289005011184,0.04456284983231013,684497.637435105
2024-08-21,2024-08-20,15210709.887121037,0.027041845343306403,0.04447987739239831,676570.5108304844
2024-08-22,2024-08-21,15592644.824061785,0.027078394230687145,0.04453999496236757,694496.3219136986
2024-08-23,2024-08-22,15300949.775916917,0.027004912329632008,0.04441912799090173,679654.8464788127
2024-08-26,2024-08-23,15978565.569785953,0.027049074267695893,0.04449176791489932,710914.6309439176
2024-08-27,2024-08-26,15699957.510709936,0.027056660072179703,0.04450424545291786,698714.7626570163
2024-08-28,2024-08-27,15644150.434816984,0.027032262726096108,0.044464115389724265,695603.3101079074
2024-08-29,2024-08-28,15233110.10771658,0.027129712918583838,0.04462440669228483,679768.5006350995
2024-08-30,2024-08-29,15075417.089963622,0.027175533296579606,0.04469977450721946,673867.7445236564
2024-09-03,2024-08-30,15193312.207655957,0.02734302812639667,0.04497527898553967,683323.4552537323
2024-09-04,2024-09-03,14822223.523579068,0.027180952004946034,0.044708687489329366,662682.1594126829
2024-09-05,2024-09-04,14688560.30063105,0.027221200141631013,0.044774889782933695,657678.6685307306
2024-09-06,2024-09-05,14672963.000279758,0.026778153363909124,0.044046142683688685,646287.4219028071
2024-09-09,2024-09-06,14323257.627840701,0.02661992895442339,0.043785886689873814,627156.5355225038
2024-09-10,2024-09-09,14438598.299397586,0.026706580094647745,0.04392841513215133,634264.7400223113
2024-09-11,2024-09-10,14262799.329773609,0.02647163022372499,0.04354195698481225,621030.1949000115
2024-09-12,2024-09-11,14489752.70384316,0.026207525444750728,0.043107543281221225,624617.6418151113
2024-09-13,2024-09-12,14820913.880025208,0.026401822449366764,0.04342713341396972,643629.8043848103
2024-09-16,2024-09-13,15261595.96196956,0.026538253584327622,0.043651542661139194,666192.2072109838
2024-09-17,2024-09-16,15638392.023314614,0.02663256587668741,0.043806672577293294,685065.9190006985
2024-09-18,2024-09-17,15903762.031204669,0.026713490158398964,0.04393978117557499,698807.8235195512
2024-09-19,2024-09-18,16040998.596066829,0.026840026232119563,0.044147914495374516,708176.634439581
2024-09-20,2024-09-19,16584410.875167845,0.026988454878928977,0.044392057893422474,736216.1276987563
2024-09-23,2024-09-20,16653578.610529777,0.027239437241158855,0.04480488714223714,746161.710159161
2024-09-24,2024-09-23,16802876.748212036,0.02713118569583823,0.044626829195293406,749859.1106320256
2024-09-25,2024-09-24,16784990.95658808,0.027054561590338984,0.044500793757451064,746945.4207798073
2024-09-26,2024-09-25,16659293.673722614,0.02339639045544247,0.03848363769820735,641110.2220475788
2024-09-27,2024-09-26,16910913.03708899,0.02313512616352268,0.03805389618005017,643526.1290232413
2024-09-30,2024-09-27,16826406.999419987,0.023080111661029183,0.03796340537608881,638787.7099420391
2024-10-01,2024-09-30,16834338.441578493,0.02306210840563862,0.037933792656162715,638590.3039465079
2024-10-02,2024-10-01,16624954.370540937,0.02303340967065327,0.037886587437833144,629862.7874094856
2024-10-03,2024-10-02,16524952.545698699,0.022790321755557588,0.03748674339901994,619466.6557615884
2024-10-04,2024-10-03,16508953.865964074,0.022641330069231583,0.03724167388338099,614821.0760320158
2024-10-07,2024-10-04,16874303.296317454,0.022371317752884395,0.036797543145515754,620932.9035967602
2024-10-08,2024-10-07,16664498.058303207,0.02184602240129092,0.035933509181226474,598813.8939785691
2024-10-09,2024-10-08,16976549.342038408,0.022083636756481142,0.036324350015176844,616662.1203501233
2024-10-10,2024-10-09,16868298.350670557,0.021687183385039673,0.03567224224924421,601730.0250976466
2024-10-11,2024-10-10,16939986.860068027,0.02163288725389762,0.035582933061005774,602774.418496118
2024-10-14,2024-10-11,17127806.403318603,0.021628943825955375,0.03557644669925235,609346.4915827774
2024-10-15,2024-10-14,16963706.159963716,0.021538307561933808,0.03542736331164314,600979.3812409933
2024-10-16,2024-10-15,17199889.007822674,0.021418679140083875,0.0352305920680768,605962.2732507988
2024-10-17,2024-10-16,17384969.762084424,0.021179465495579718,0.03483712063729785,605642.2888775105
2024-10-18,2024-10-17,17315971.735432774,0.02113734779940519,0.034767843191986336,602038.9900143942
2024-10-21,2024-10-18,17451693.602077466,0.021006294869702066,0.03455228030524154,602995.8091401709
2024-10-22,2024-10-21,17110194.419347093,0.0211220232932109,0.034742636622391423,594453.2672498457
2024-10-23,2024-10-22,17191484.838732194,0.021243500741464555,0.034942449243744254,600712.5864019985
2024-10-24,2024-10-23,16907691.00433595,0.021370724021305545,0.03515171291702337,594334.3002741559
2024-10-25,2024-10-24,17017753.492238887,0.021384915244486897,0.03517505540194409,598600.4219061304
2024-10-28,2024-10-25,17052738.98225808,0.02139893520101331,0.03519811617828627,600224.2878555111
2024-10-29,2024-10-28,17215134.558149315,0.0212704960667149,0.03498685260239302,602303.3753163324
2024-10-30,2024-10-29,17203890.20881316,0.021201032132108985,0.034872594597614166,599944.2887538051
2024-10-31,2024-10-30,17206639.419288173,0.021085288494817268,0.03468221325601833,596764.3377591638
2024-11-01,2024-10-31,17978774.300285697,0.02257898643264408,0.037139127726622694,667715.995106432
2024-11-04,2024-11-01,17439670.853123903,0.0223819750783799,0.03681507288601064,642042.7535657918
2024-11-05,2024-11-04,17561447.548693478,0.022137198784015735,0.036412451710433995,639455.3608321208
2024-11-06,2024-11-05,18076378.035824183,0.022273347761346873,0.036636396849602855,662253.3593238994
2024-11-07,2024-11-06,18230494.219671343,0.02193907531857092,0.0360865676097129,657875.9622166501
2024-11-08,2024-11-07,18442369.465770993,0.021746768000076206,0.03577025021939756,659688.1704292058
2024-11-11,2024-11-08,18653167.347684637,0.021737173337409217,0.03575446840371038,666934.0825619125
2024-11-12,2024-11-11,19078353.465510592,0.02181451498925357,0.03588168410026099,684563.4522025706
2024-11-13,2024-11-12,18891029.592538577,0.02185971036034054,0.0359560238703148,679246.3109641403
2024-11-14,2024-11-13,18628911.61337234,0.021748483214307765,0.035773071495747336,666413.3870331265
2024-11-15,2024-11-14,18773230.210045762,0.02157401923409428,0.03548610378512079,666188.795615649
2024-11-18,2024-11-15,18537999.660558436,0.02171782056345126,0.035722635923274064,662226.2126199072
2024-11-19,2024-11-18,18966959.38250939,0.021643890927038403,0.03560103249268117,675243.3372640809
2024-11-20,2024-11-19,19163280.988177076,0.02171588830459896,0.03571945764029265,684502.0035062165
2024-11-21,2024-11-20,19004955.475062978,0.021459256009939223,0.035297335079628706,670824.281576722
2024-11-22,2024-11-21,19257968.177698772,0.02147382015568629,0.03532129096758422,680216.297448976
2024-11-25,2024-11-22,19829851.101055708,0.021754054440450327,0.035782235347274496,709556.3989993857
2024-11-26,2024-11-25,20382709.29444621,0.02175909722683995,0.03579052999275741,729507.9683365324
2024-11-27,2024-11-26,20060935.862999946,0.021746697714084755,0.03577013460922959,717582.3762066294
2024-11-29,2024-11-27,20103491.198197052,0.021704154594456338,0.03570015740460696,717697.8001577654
2024-12-02,2024-11-29,20195684.673507847,0.02179835114441265,0.035855096941448915,724118.2317675579
2024-12-03,2024-12-02,20265321.59297948,0.02159227190601555,0.03551612675873205,719745.730502729
2024-12-04,2024-12-03,20172935.56181203,0.02149538361256856,0.035356759697846636,713249.6350591327
2024-12-05,2024-12-04,20523470.861581624,0.0215331579726204,0.03541889299098367,726918.6182499309
2024-12-06,2024-12-05,20331883.294422995,0.02132860821357649,0.03508243857792824,713292.0468502
2024-12-09,2024-12-06,20394658.098350234,0.020616102410077896,0.03391047082281961,691592.4583854873
2024-12-10,2024-12-09,20210060.007356748,0.020293744777220162,0.033380239701238074,674616.6474219735
2024-12-11,2024-12-10,19882743.47729669,0.020243499513653822,0.03329759359722385,662047.5119048785
2024-12-12,2024-12-11,20478770.258867476,0.020544071107694486,0.03379198987384022,692018.39721635
2024-12-13,2024-12-12,20192600.498642705,0.020590598240703615,0.033868520197321936,683893.4978247335
2024-12-16,2024-12-13,20381040.38922955,0.020045055702044755,0.0329711825739526,671987.0037203896
2024-12-17,2024-12-16,20571816.429098587,0.020082574034516645,0.03303289473919616,679546.6466964799
2024-12-18,2024-12-17,20724827.72771772,0.01951937714228513,0.03210651828832135,665402.0604622784
2024-12-19,2024-12-18,19497668.761500977,0.02024826901432721,0.033305438727705215,649378.4122692628
2024-12-20,2024-12-19,19197150.177391887,0.020121027374820855,0.03309614485546394,635351.663083057
2024-12-23,2024-12-20,19599733.579137903,0.019983577168725696,0.03287005938544309,644244.4066851259
2024-12-24,2024-12-23,19572787.202182118,0.019931578287207305,0.032784528836580146,641684.6064421865
2024-12-26,2024-12-24,19731274.965724308,0.018892823068371298,0.031075928547362967,613167.6909832202
2024-12-27,2024-12-26,19831016.440159142,0.01868742777429099,0.030738083352936207,609567.43631106
2024-12-30,2024-12-27,19399267.49227902,0.018697945893204972,0.03075538411898058,596631.9233518944
2024-12-31,2024-12-30,19095394.929699335,0.01830522227153525,0.030109411245487615,574951.0988333164
2025-01-02,2024-12-31,18772625.764101733,0.018169395086573243,0.02988599540766425,561038.607375744
2025-01-03,2025-01-02,18656821.270839844,0.018133555296851046,0.02982704419955052,556477.8326684543
2025-01-06,2025-01-03,18175867.62042345,0.017826937149631458,0.029322702228007237,532965.5539693553
2025-01-07,2025-01-06,18670339.613698263,0.017256933306157244,0.0283851293386924,529960.0047321374
2025-01-08,2025-01-07,18886019.08174717,0.017296194665122788,0.028449708527385917,537301.7381183556
2025-01-10,2025-01-08,19025755.02227408,0.016758332826524367,0.02756500453136852,524445.0234016924
2025-01-13,2025-01-10,18832454.379897695,0.016731530036458372,0.027520917864916047,518286.43018394295
2025-01-14,2025-01-13,18732188.520343095,0.016813925415144558,0.02765644620239206,518065.7640659349
2025-01-15,2025-01-14,18559333.42627941,0.016864739191400226,0.027740027426565297,514836.4182637609
2025-01-16,2025-01-15,19285629.473445404,0.01744395342041722,0.028692750051945798,553357.7460760081
2025-01-17,2025-01-16,19884863.432116967,0.01785330832270119,0.029366078947677954,583940.4694113412
2025-01-21,2025-01-17,19946988.506261766,0.017293093407545097,0.028444607412611143,567384.2571244827
2025-01-22,2025-01-21,20451927.25163198,0.0172050291222435,0.02829975455352792,578784.5213677939
2025-01-23,2025-01-22,20393892.630743302,0.01726488683137406,0.028398211723492328,579150.0807940182
2025-01-24,2025-01-23,20874862.063491903,0.017217661248578587,0.0283205325523463,591187.2105948613
2025-01-27,2025-01-24,20670016.211232558,0.017198016047907785,0.02828821907277074,584717.9468210692
2025-01-28,2025-01-27,20627800.01732055,0.017259405575631555,0.028389195860104022,585606.6548547703
2025-01-29,2025-01-28,20974006.603719197,0.017030004283531495,0.028011864312765884,587521.0270784377
2025-01-30,2025-01-29,20855547.877938155,0.017086417303996692,0.02810465547408535,586137.9878327437
2025-01-31,2025-01-30,21118255.64568433,0.016968926113462447,0.02791139966320025,589440.0735163304
2025-02-03,2025-01-31,20885933.48217413,0.01692020340495074,0.027831257939389873,581281.8020473275
2025-02-04,2025-02-03,20682280.92184764,0.017120138329995684,0.028160121626004318,582415.5462624183
2025-02-05,2025-02-04,21076142.24342612,0.017130190813540336,0.028176656490022607,593855.2201278723
2025-02-06,2025-02-05,21219669.839568537,0.017020993756795284,0.027997043315183084,594088.0156322845
2025-02-07,2025-02-06,21395698.018929765,0.017014343480058976,0.027986104583373136,598782.2423920378
2025-02-10,2025-02-07,21241046.555414952,0.01688014480273758,0.02776536740224895,589765.4616193706
2025-02-11,2025-02-10,21629920.99857034,0.016707822119993818,0.027481921812531864,594431.7976939513
2025-02-12,2025-02-11,21721631.464069985,0.016678635978042925,0.027433914881087217,595909.3886636419
2025-02-13,2025-02-12,21793001.739644513,0.01657885798211448,0.027269794682594363,594290.6829575276
2025-02-14,2025-02-13,22155727.82965422,0.016336247242679406,0.026870735527897205,595340.7029387105
2025-02-18,2025-02-14,23132170.014385156,0.01688338667155389,0.027770699801929553,642396.5492366867
2025-02-19,2025-02-18,23118718.468919724,0.016845126343428246,0.027707767162443737,640568.0684309155
2025-02-20,2025-02-19,22783064.82431398,0.016926783616104373,0.02784208142357203,634327.9459170696
2025-02-21,2025-02-20,21584333.287564486,0.017274597882707445,0.028414184981499557,613301.2387351958
2025-02-24,2025-02-21,20089636.52001195,0.018442801751826294,0.03033570935263844,609433.3744712333
2025-02-25,2025-02-24,19780046.93905622,0.01839057476387175,0.030249803602076658,598342.5351463082
2025-02-26,2025-02-25,19634766.772005085,0.01861285908655904,0.0306154287764633,601126.8036507899
2025-02-27,2025-02-26,20070311.447294954,0.018861943565353995,0.031025136284826497,622684.1479312393
2025-02-28,2025-02-27,19122678.73791581,0.01955157735828382,0.03215948293039542,614975.4604554388
2025-03-03,2025-02-28,19517085.53920162,0.019803018484425765,0.03257306677869476,635731.3305939122
2025-03-04,2025-03-03,18504407.313604474,0.02037340112961313,0.03351126274138137,620106.0553597386
2025-03-05,2025-03-04,18191128.620315347,0.020372104161914522,0.033509129419358276,609568.8832223393
2025-03-06,2025-03-05,18514275.17247059,0.020292241546667058,0.03337776710701066,617965.1648618329
2025-03-07,2025-03-06,17185774.994112987,0.021032578625257647,0.034595513235897046,594550.7062779843
2025-03-10,2025-03-07,17118257.202557277,0.021118566122463763,0.034736950082549005,594636.0459454671
2025-03-11,2025-03-10,16061866.421539605,0.021719796166932148,0.035725885501825025,573824.400721532
2025-03-12,2025-03-11,16006271.998771654,0.021833475732830662,0.03591287174810346,574831.1934571461
2025-03-13,2025-03-12,16178676.057429036,0.022026568341954954,0.036230480826559074,586161.212697793
2025-03-14,2025-03-13,15374892.753732244,0.02236106667472369,0.03678068162242295,565499.0353539233
2025-03-17,2025-03-14,16094188.285626119,0.023152706511352233,0.03808281327894068,612911.967357614
2025-03-18,2025-03-17,16421219.490691818,0.02329102765802051,0.03831033131872208,629102.3593458602
2025-03-19,2025-03-18,15547192.825771082,0.023331635687736038,0.038377125583683024,596656.5715483526
2025-03-20,2025-03-19,16185452.580621678,0.02383633182259122,0.03920727685160796,634587.5202970066
2025-03-21,2025-03-20,16366656.606310077,0.024164652717775896,0.03974731666685643,650530.6829087044
2025-03-24,2025-03-21,16786089.813181084,0.02437364410884168,0.040091076914452614,672972.4177931524
2025-03-25,2025-03-24,18014902.207491558,0.025796073353569843,0.04243076481672558,764386.0787623847
2025-03-26,2025-03-25,18129781.13549031,0.02606651529388935,0.04287560222313991,777325.2843578683
2025-03-27,2025-03-26,17463036.87974926,0.025874183631341592,0.04255924479042063,743213.661349392
2025-03-28,2025-03-27,17130830.881819863,0.026060417466339914,0.0428655721893787,734322.8678286873
2025-03-31,2025-03-28,16771212.381597137,0.02595834785330723,0.04269768261618035,716091.9033579887
2025-04-01,2025-03-31,16682900.780930502,0.025996447735191552,0.042760351345084206,713366.698847768
2025-04-02,2025-04-01,16881004.517069936,0.026032919545097115,0.042820342133888856,722850.3889846578
2025-04-03,2025-04-02,17497673.71697042,0.026376843767933564,0.043386047139217856,759154.896711132
2025-04-04,2025-04-03,14657688.769302186,0.030172491019179515,0.04962933128705814,727451.2918342897
2025-04-07,2025-04-04,13971133.046931166,0.029874772207800993,0.049139627420350496,686536.2725663437
2025-04-08,2025-04-07,14250128.461014953,0.030191496261638258,0.0496605921290475,707669.8172889949
2025-04-09,2025-04-08,14093322.740442198,0.030520972191833067,0.05020253180782164,707520.4831549454
2025-04-10,2025-04-09,16745702.432925839,0.03666763452792271,0.06031289164498469,1009981.7363562126
2025-04-11,2025-04-10,15728246.400017582,0.03682579394220519,0.06057304073120375,952707.7098186738
2025-04-14,2025-04-11,15730642.24376019,0.03691623073519245,0.060721796018158705,955192.8495602367
2025-04-15,2025-04-14,15785493.374925751,0.03675449234739267,0.06045576004436896,954323.9996564871
2025-04-16,2025-04-15,15934939.177686045,0.03704004641009764,0.06092545468009996,970843.4147002605
2025-04-17,2025-04-16,15669001.367564801,0.03695734387976977,0.060789421123132084,952509.5227118293
2025-04-21,2025-04-17,15908788.965777049,0.03696218647449265,0.06079738648262587,967212.7912228812
2025-04-22,2025-04-21,15185177.192393955,0.036880534693123565,0.060663081253893886,921179.6378769707
2025-04-23,2025-04-22,15985693.50315679,0.037543941455550046,0.06175428827321522,987185.1248412081
2025-04-24,2025-04-23,16401019.408696542,0.03775429600313041,0.06210029071374852,1018508.0732818871
2025-04-25,2025-04-24,17047974.86805843,0.03827324188290857,0.06295388072629315,1073236.1764685935
2025-04-28,2025-04-25,17121600.447269224,0.0383229870101103,0.06303570417919407,1079272.1408684198
2025-04-29,2025-04-28,17376406.877072774,0.0384140777034785,0.06318553503656228,1097937.5655408436
2025-04-30,2025-04-29,17471015.809542738,0.03846502388207185,0.06326933404320087,1105379.5353280029
2025-05-01,2025-04-30,17443678.101344444,0.03847648485494862,0.06328818566600561,1103978.7383759234
2025-05-02,2025-05-01,17663141.181736015,0.03869210273580653,0.06364284551937034,1124132.5656160538
2025-05-05,2025-05-02,18056238.462416373,0.038770041742147314,0.06377104377663098,1151465.1734280426
2025-05-06,2025-05-05,17897167.137194198,0.038944204015267256,0.06405751522325043,1146448.0563438747
2025-05-07,2025-05-06,17716739.023136478,0.0390365930750077,0.06420948170325513,1137582.630147428
2025-05-08,2025-05-07,17896268.026548572,0.03890899822240119,0.06399960684716496,1145354.1177305975
2025-05-09,2025-05-08,18996732.60521287,0.03979338334021147,0.06545429091581711,1243417.6623915916
2025-05-12,2025-05-09,18488945.249760967,0.03934680167839975,0.0647197294496561,1196599.534374034
2025-05-13,2025-05-12,19765785.196477655,0.039847638164448605,0.06554353216024318,1295519.377697792
2025-05-14,2025-05-13,20198447.661153693,0.040172306509079714,0.066077564064466,1334664.2193326463
2025-05-15,2025-05-14,20535298.98451392,0.04045923280727921,0.0665495158267272,1366614.2047764843
2025-05-16,2025-05-15,19956020.974268086,0.04009692003250807,0.06595356434505403,1316170.7133976382
2025-05-19,2025-05-16,20138043.038170375,0.04000046399268446,0.0657949082781088,1324980.6945970273
2025-05-20,2025-05-19,20170954.75182591,0.04014476529431708,0.06603226279747303,1331933.7850485058
2025-05-21,2025-05-20,20101972.096335657,0.04004789493416503,0.06587292523423283,1324175.7049625532
2025-05-22,2025-05-21,19422004.938850816,0.04015374161901084,0.06604702753770225,1282765.695033669
2025-05-23,2025-05-22,19805295.930070043,0.040253441988165495,0.06621102005151469,1311328.8459520498
2025-05-27,2025-05-23,19769446.335038777,0.04023545361368501,0.0661814318085075,1308370.2645143173
2025-05-28,2025-05-27,20471564.840738777,0.04030375309571949,0.06629377445925082,1357137.3023798654
2025-05-29,2025-05-28,20548584.4621212,0.040597324863826126,0.06677665704679157,1372165.7774240975
2025-05-30,2025-05-29,20438665.50461539,0.04068015921189349,0.06691290742464634,1367610.532793642
2025-06-02,2025-05-30,20583287.82314257,0.04056000981691877,0.06671527925654615,1373219.7951388224
2025-06-03,2025-06-02,20497138.516323652,0.040587206707007384,0.06676001415985021,1368389.2575861781
2025-06-04,2025-06-03,20877493.32705522,0.04073613219685483,0.0670049747919713,1398895.914098884
2025-06-05,2025-06-04,21113883.26313035,0.040836712875995426,0.06717041528685695,1418228.307102684
2025-06-06,2025-06-05,20972305.262839116,0.04084289797500827,0.06718058886940129,1408931.8175063755
2025-06-09,2025-06-06,21211545.438564003,0.040650645300742395,0.06686436136084394,1418296.4392261044
2025-06-10,2025-06-09,21311816.141052708,0.04054281871950639,0.06668700241761612,1421221.1345221722
2025-06-11,2025-06-10,21377945.009190388,0.04018427947213044,0.06609725783616534,1413023.543279821
2025-06-12,2025-06-11,21369538.971559696,0.04003595646096669,0.06585328819329228,1407254.4084519113
2025-06-13,2025-06-12,20418963.4458099,0.040169473064164775,0.06607290346232089,1349140.2005556568
2025-06-16,2025-06-13,19537579.332532723,0.040106721121968204,0.06596968570260062,1288887.9679568093
2025-06-17,2025-06-16,19746895.997522198,0.03973030204490986,0.06535053141844747,1290470.147302889
2025-06-18,2025-06-17,19800516.34186236,0.039738408457663695,0.06536386528086718,1294238.2826611004
2025-06-20,2025-06-18,20345720.180980437,0.040076520136754556,0.06592000950253443,1341190.067666137
2025-06-23,2025-06-20,20784363.062687825,0.04030765555248077,0.06630019342940863,1378007.2913632588
2025-06-24,2025-06-23,20851461.03937045,0.0402298486990026,0.06617221254426338,1379787.3117556486
2025-06-25,2025-06-24,21148216.19806443,0.04018679265129193,0.0661013916480243,1397926.5215653484
2025-06-26,2025-06-25,21111799.053821184,0.039902914135540875,0.06563445304177756,1385661.3836254706
2025-06-27,2025-06-26,20987346.241705254,0.03966561357136474,0.06524412834811483,1369301.111880143
2025-06-30,2025-06-27,21488911.96069925,0.03991061722434348,0.06564712349533326,1410685.2572643675
2025-07-01,2025-06-30,22022547.57101815,0.040258955761427004,0.06622008940146207,1458335.0690007731
2025-07-02,2025-07-01,22245383.167725425,0.040207557611374685,0.06613554696792992,1471210.5833087026
2025-07-03,2025-07-02,22487272.493502323,0.040368741827745545,0.06640067141083486,1493169.991766953
2025-07-07,2025-07-03,22678552.870787535,0.04044994256970549,0.06653423474575881,1508900.1603990803
2025-07-08,2025-07-07,22823361.100027878,0.04060870431954763,0.06679537458580782,1524494.953983517
2025-07-09,2025-07-08,22556418.451497056,0.04039457427282465,0.06644316200181624,1498719.7653535758
2025-07-10,2025-07-09,22772960.85476942,0.04050769238704363,0.06662922474226325,1517344.726839195
2025-07-11,2025-07-10,22891041.90177051,0.040292169153082334,0.06627472056918969,1517097.405577453
2025-07-14,2025-07-11,22566737.322235037,0.04013048433769213,0.06600877271417215,1489602.6348038383
2025-07-15,2025-07-14,22701639.642112207,0.040122726855226935,0.06599601279100326,1498217.7001975838
2025-07-16,2025-07-15,22507488.721140373,0.0401659016920455,0.06606702907793731,1487002.911810927
2025-07-17,2025-07-16,22671224.311288945,0.03971532788978199,0.06532590112507486,1481018.157743655
2025-07-18,2025-07-17,22754201.457148537,0.03873875034791479,0.06371957401333524,1449888.0238631167
2025-07-21,2025-07-18,22792600.509058047,0.038706415129454906,0.06366638731197323,1451122.5318567678
2025-07-22,2025-07-21,22756989.477257002,0.03850661409114731,0.06333774384944432,1441376.3702950038
2025-07-23,2025-07-22,22975632.011338565,0.0384359435086201,0.06322150108545566,1452553.9441438708
2025-07-24,2025-07-23,23195626.116865233,0.03812924914039442,0.06271703374151406,1454760.8658269816
2025-07-25,2025-07-24,22483654.303743016,0.03801410135381945,0.06252763248713078,1405849.6732721396
2025-07-28,2025-07-25,22813144.59018894,0.03767418523918046,0.06196852023310759,1413696.8121179321
2025-07-29,2025-07-28,23058564.278627116,0.03770158946671585,0.06201359617616297,1429944.4935768787
2025-07-30,2025-07-29,22728902.477657594,0.03789626724880511,0.06233381263211937,1416779.1483760222
2025-07-31,2025-07-30,22679605.181852795,0.036823390346234657,0.06056908716765389,1373682.9831876168
2025-08-01,2025-07-31,24289199.149186235,0.038448934962160675,0.06324287012493124,1536118.6672305753
2025-08-04,2025-08-01,23203829.978793193,0.037896871349859404,0.062334806289929566,1446406.246912534
2025-08-05,2025-08-04,23466331.85607089,0.03771911443506028,0.06204242218390652,1455908.0681220049
2025-08-06,2025-08-05,23146506.10913301,0.03760461285814094,0.06185408384981909,1431705.9297046629
2025-08-07,2025-08-06,23426341.229472224,0.037147563294055545,0.061102304216636635,1431403.4284859493
2025-08-08,2025-08-07,23378458.398958918,0.036897062409045764,0.06069026692737374,1418844.8805833193
2025-08-11,2025-08-08,22847692.149251893,0.03694858970428486,0.060775021785834764,1388568.9881268297
2025-08-12,2025-08-11,22714451.50479762,0.03629223683786547,0.05969541739294484,1355948.6634306978
2025-08-13,2025-08-12,23106808.099878434,0.03602071363141559,0.05924880146201426,1369050.6855305603
2025-08-14,2025-08-13,23586400.420822266,0.036039269741359625,0.059279323546757814,1398185.8618493078
2025-08-15,2025-08-14,23282343.976342507,0.035895173100289446,0.05904230566406201,1374643.2696270472
2025-08-18,2025-08-15,23690311.500787724,0.03502084877020442,0.05760417011858974,1364660.733853759
2025-08-19,2025-08-18,24133528.89469247,0.03507658566597203,0.057695849153748105,1392404.442655798
2025-08-20,2025-08-19,23573362.387138657,0.034716775373059325,0.057104013888436174,1346133.613152305
2025-08-21,2025-08-20,23249595.82373009,0.034659415729112235,0.057009665670049156,1325451.6848746235
2025-08-22,2025-08-21,23297489.490696985,0.03451831226683902,0.056777571128353646,1322774.8666701196
2025-08-25,2025-08-22,24345195.954836603,0.03490116240538584,0.05740730356732126,1397592.0545852263
2025-08-26,2025-08-25,24316725.488425154,0.03490851662998227,0.05741940019032211,1396251.7921380897
2025-08-27,2025-08-26,24607654.30808197,0.03482469856815644,0.05728153174732385,1409564.1314755678
2025-08-28,2025-08-27,24633958.415945202,0.030196604401824746,0.04966899427196022,1223543.9394572885
2025-08-29,2025-08-28,24836077.984939143,0.02973059636031281,0.04890247925469075,1214545.7884263683
2025-09-02,2025-08-29,24513146.762733247,0.029735319504445138,0.048910248135447434,1198944.090745923
2025-09-03,2025-09-02,24455007.790416483,0.02962215288034585,0.04872410560334786,1191548.3821109473
2025-09-04,2025-09-03,24429614.548638176,0.022376815514509544,0.03680658615866499,899170.7127074269
2025-09-05,2025-09-04,24941590.32852864,0.02137838247196187,0.035164309947362256,877053.8128925138
2025-09-08,2025-09-05,24978688.526829716,0.02141062620569486,0.03521734616973942,879683.1207154605
2025-09-09,2025-09-08,25061712.427347507,0.021424890035571062,0.035240808082045515,883194.9978595686
2025-09-10,2025-09-09,24947817.322293255,0.021512495047396024,0.03538490550348493,882776.1584675512
2025-09-11,2025-09-10,24710405.111034695,0.021307106547435086,0.035047071484390055,866027.3343346703
2025-09-12,2025-09-11,24596093.544835977,0.021130741935945684,0.03475697751351583,854885.8702581959
2025-09-15,2025-09-12,24450126.881803676,0.020661661371332556,0.03398540864547948,830947.5535119209
2025-09-16,2025-09-15,24607351.09655922,0.0200467949945271,0.032974043455500514,811403.8643827019
2025-09-17,2025-09-16,24676552.081718124,0.019881044584449385,0.03270140829231549,806958.0048708522
2025-09-18,2025-09-17,25054062.7682316,0.019680714595530616,0.032371894783455306,811047.4838312784
2025-09-19,2025-09-18,25273811.15130586,0.01963369218953818,0.032294549808410664,816206.353074212
2025-09-22,2025-09-19,25629512.37266342,0.019768404937044917,0.03251613255974372,833372.6217511155
2025-09-23,2025-09-22,25428667.444840338,0.019798641146783282,0.03256586669899713,828106.5943417985
2025-09-24,2025-09-23,25201887.609507393,0.01964500481313348,0.03231315741836173,814352.5615658724
2025-09-25,2025-09-24,25055224.279808093,0.019617243367753483,0.032267493904239025,808469.2967180492
2025-09-26,2025-09-25,24932390.535084516,0.019515930368196675,0.03210084884946068,800350.900022472
2025-09-29,2025-09-26,25054113.15179097,0.01939611709456678,0.031903773551773616,799320.7525352522
2025-09-30,2025-09-29,25712872.37322133,0.019736640234183176,0.032463884273032546,834739.713051513
2025-10-01,2025-09-30,24940310.32442677,0.0200002982651603,0.03289756314156015,820475.4336679342
2025-10-02,2025-10-01,25498804.068147,0.019287685713505042,0.03172541980135886,808960.2634945606
2025-10-03,2025-10-02,25407556.539806105,0.019037020817513618,0.03131311273803795,795589.6823290219
2025-10-06,2025-10-03,24797792.813589483,0.01767569030624254,0.029073923309094016,720969.1264971034
2025-10-07,2025-10-06,24524202.049318325,0.017559625576868944,0.028883013818022715,708332.8666664421
2025-10-08,2025-10-07,24209041.711674936,0.017683302593697877,0.029086444407724326,704154.9459109124
2025-10-09,2025-10-08,23999134.112286508,0.01735709740330948,0.028549884617183576,685172.5098180942
2025-10-10,2025-10-09,23798168.840000194,0.01739261744412665,0.028608309885151163,680825.3888738739
2025-10-13,2025-10-10,22195320.20457371,0.018578876231233884,0.03055953195362755,678278.5970126655
2025-10-14,2025-10-13,22975170.25337245,0.01880113274896656,0.030925111392933746,710509.6993571608
2025-10-15,2025-10-14,23354054.37454236,0.018547784262867715,0.030508390216691394,712494.604000367
2025-10-16,2025-10-15,23753225.360259533,0.018630618661609376,0.03064464067789796,727909.0561062867
2025-10-17,2025-10-16,23328738.751619767,0.01863203904248643,0.030646976996535236,714955.3198790711
2025-10-20,2025-10-17,22879811.457260657,0.018278424040755165,0.03006533207839311,687889.129353565
2025-10-21,2025-10-20,23003227.184426676,0.018332193055325102,0.03015377423702608,693634.1192422231
2025-10-22,2025-10-21,23587622.180426408,0.018699327601437526,0.030757656826778286,725499.9883852592
2025-10-23,2025-10-22,22746795.60363754,0.0186449116990107,0.03066815063230768,697602.1539746701
2025-10-24,2025-10-23,23342982.44050947,0.01897267283385217,0.031207269723725405,728470.7491771649
2025-10-27,2025-10-24,23494455.129432417,0.019070262846932983,0.031367791010695624,736969.1584102019
2025-10-28,2025-10-27,23803309.534855723,0.019075268775249777,0.03137602503004376,746853.2357635124
2025-10-29,2025-10-28,24285179.55854547,0.01921786390258376,0.031610573142424665,767668.4447123179
2025-10-30,2025-10-29,23840053.530490533,0.019257733187951386,0.03167615228106557,755161.166020573
2025-10-31,2025-10-30,22118414.079119585,0.019944589934455526,0.032805931091748994,725615.1681383679
2025-11-03,2025-10-31,22334506.608497556,0.019932268423160503,0.03278566400920585,732251.6294775886
2025-11-04,2025-11-03,23082599.35179246,0.020661738241069625,0.0339855350849453,784474.4901220782
2025-11-05,2025-11-04,22052746.947212912,0.020505453348990958,0.033728469313371985,743805.3986846284
2025-11-06,2025-11-05,22159391.368499435,0.02000767901490047,0.03290970339453989,729258.9973408439
2025-11-07,2025-11-06,21334559.538280774,0.020087044039605092,0.033040247243278385,704899.1219712399
2025-11-10,2025-11-07,22087447.920346458,0.020506144421567854,0.03372960602660658,745000.9164864769
2025-11-11,2025-11-10,22797839.14003455,0.02089606981202588,0.03437097621934193,783583.9869345102
2025-11-12,2025-11-11,22893251.190318204,0.020921149059033448,0.03441222790974354,787807.7775562376
2025-11-13,2025-11-12,23035816.69571204,0.020899177718936394,0.03437608827129592,791881.2681331895
2025-11-14,2025-11-13,22587282.100147817,0.020799954715488893,0.03421288095419828,772775.9935712509
2025-11-17,2025-11-14,22277670.874487136,0.020972838239420238,0.034497249045576904,768518.3603125777
2025-11-18,2025-11-17,21983454.233452495,0.021311159309309435,0.03505373768445825,770602.238097737
2025-11-19,2025-11-18,21779953.30767625,0.021088158149090066,0.03468693341725704,755479.7902143332
2025-11-20,2025-11-19,22142250.197371352,0.021257221996529442,0.034965018699904066,774204.1922090438
2025-11-21,2025-11-20,21311604.268594734,0.02142064217391446,0.03523382097139286,750889.2494128387
2025-11-24,2025-11-21,21611472.492586605,0.02121736699938447,0.03489946306329801,754228.7859985073
2025-11-25,2025-11-24,22226208.161495056,0.02176782456130787,0.03580488518051059,795806.8312204578
2025-11-26,2025-11-25,23372841.562431477,0.022462649228649895,0.036947770054683464,863574.3755732668
2025-11-28,2025-11-26,23724753.049797807,0.02248528039804555,0.036984995015746064,877459.8732965781
2025-12-01,2025-11-28,24302066.26212644,0.022825827461208575,0.03754514508773743,912424.603743346
2025-12-02,2025-12-01,24465561.90658977,0.022776060498595076,0.03746328571878026,916560.3359770789
2025-12-03,2025-12-02,24511076.336967684,0.022875053171146523,0.03762611417526813,922256.556813459
2025-12-04,2025-12-03,25039807.83016706,0.023046289307872853,0.03790777255582759,949203.3400676036
2025-12-05,2025-12-04,25164028.98309711,0.023079596985126783,0.03796255880956405,955290.9301563982
2025-12-08,2025-12-05,25357101.979367737,0.023004308775811798,0.03783872072540561,959480.3002029256
2025-12-09,2025-12-08,26774122.620593127,0.024462507670386754,0.040237244465963856,1077316.9172464984
2025-12-10,2025-12-09,27115501.099305548,0.024565105069464882,0.040406002169953305,1095628.9962579112
2025-12-11,2025-12-10,27481149.880478255,0.024734660202965494,0.04068489554626002,1118067.7123783738
2025-12-12,2025-12-11,27726384.446851924,0.024776460299149688,0.04075365058607552,1129951.383762202
2025-12-15,2025-12-12,27141467.67195781,0.02467134040617506,0.04058074374885145,1101420.9445634556
2025-12-16,2025-12-15,26947771.105236076,0.024326846025316876,0.04001410091703246,1078290.8324940077
2025-12-17,2025-12-16,27075067.584288083,0.024471425889125226,0.04025191363040178,1089823.2819400548
2025-12-18,2025-12-17,26745911.336549755,0.024384599243326824,0.04010909650714425,1072754.3389691976
2025-12-19,2025-12-18,27360408.708989624,0.024708125606899882,0.04064125001968181,1111961.210982727
2025-12-22,2025-12-19,26892139.1043831,0.02452668825752483,0.0403428121374978,1084904.5158635858
2025-12-23,2025-12-22,26282560.39332983,0.023125696326769925,0.038038385478865844,999746.1636130519
2025-12-24,2025-12-23,26369201.809453454,0.022718296206353676,0.03736827191317871,985371.5033491406
2025-12-26,2025-12-24,26547201.28869019,0.02273374285659395,0.037393679391850676,992697.533740206
2025-12-29,2025-12-26,26518307.924662165,0.022603405082696475,0.037179292831726635,985931.9357329117
2025-12-30,2025-12-29,26237419.36171697,0.022619283722753798,0.03720541087041598,976173.9675320872
2025-12-31,2025-12-30,25957851.87057325,0.02267326124178491,0.037294195988368146,968077.2150981874
2026-01-02,2025-12-31,25601140.03999148,0.02256068658017229,0.03710902714791179,950033.4007615353
2026-01-05,2026-01-02,25381552.307826515,0.022055974925782477,0.03627885035262403,920813.5378929372
2026-01-06,2026-01-05,26512010.083545018,0.02275465012515937,0.037428068788380155,992293.3371251512
2026-01-07,2026-01-06,27042700.885657348,0.022791435323106752,0.03748857505464204,1013792.3218322002
2026-01-08,2026-01-07,27223944.365807503,0.02295949493674707,0.037765008519682376,1028112.4909140794
2026-01-09,2026-01-08,27388776.48620683,0.022598241875132534,0.037170800111038384,1018062.7360547023
2026-01-12,2026-01-09,28018273.44059323,0.022927988448472887,0.03771318495817208,1056658.328473733
2026-01-13,2026-01-12,28001996.507260688,0.022805949410163482,0.037512448603379184,1050423.45477062
2026-01-14,2026-01-13,28251318.221152574,0.022750284791486986,0.03742088845345628,1057189.4278168473
2026-01-15,2026-01-14,27528200.544660714,0.02298897960930553,0.03781350649027963,1040937.7899612472
2026-01-16,2026-01-15,27861602.28537493,0.022492013655473514,0.03699607023864764,1030769.7951109965
2026-01-20,2026-01-16,27105218.358238257,0.02251625169445723,0.0370359382649802,1003867.1937745201
2026-01-21,2026-01-20,26771482.29679437,0.022648569175283646,0.03725358115322661,997333.5883357987
2026-01-22,2026-01-21,27259443.87863717,0.02284770808551667,0.03758113551199057,1024440.8543845653
2026-01-23,2026-01-22,27943287.80538479,0.023298647885569027,0.03832286547764346,1070866.8595688362
2026-01-26,2026-01-23,27554823.91725719,0.023342534213400837,0.03839505206315119,1057968.8988940534
2026-01-27,2026-01-26,27541967.077138428,0.023357582602374374,0.03841980446033409,1058156.9895566176
2026-01-28,2026-01-27,27571866.147350494,0.023453373722164068,0.03857736683114991,1063649.9945857038
2026-01-29,2026-01-28,25342080.673135854,0.023780574097740783,0.03911556355565716,991269.7672026365
2026-01-30,2026-01-29,25778113.60003815,0.024178015108806006,0.03976929584420705,1025177.4260654943
2026-02-02,2026-01-30,24666289.48072585,0.024274792968384716,0.03992848125754369,984887.4772243092
2026-02-03,2026-02-02,25086827.68163917,0.024315464723732395,0.0399953803418418,1003357.214697404
2026-02-04,2026-02-03,25051630.165471096,0.02439555520053087,0.04012711745308804,1005249.7060411822
2026-02-05,2026-02-04,24471345.82767927,0.02416890719929128,0.0397543146662078,972841.582339153
2026-02-06,2026-02-05,23742975.96358412,0.024433198057175257,0.04018903444236838,954207.2787648069
2026-02-09,2026-02-06,24757871.989585668,0.024922663655423193,0.040994133706914467,1014927.5146397473
2026-02-10,2026-02-09,24912456.41668292,0.025137481624661354,0.04134747782275021,1030067.2391990282
2026-02-11,2026-02-10,24216612.04121885,0.02493621704033567,0.041016427041245224,993278.9009747936
2026-02-12,2026-02-11,23262704.865918003,0.024745627964216147,0.0407029359081327,946860.3852072671
2026-02-13,2026-02-12,22338225.668833144,0.02477510296895037,0.0407514179765742,910314.3710856582
2026-02-17,2026-02-13,22274622.30821138,0.024739432750961195,0.04069274568914055,906415.5409097025
2026-02-18,2026-02-17,22733585.778279293,0.024867707847802584,0.040903739447427666,929888.6693804833
2026-02-19,2026-02-18,23245997.49257844,0.02510117993009395,0.04128776684877653,959775.3246408225
2026-02-20,2026-02-19,22053635.032923505,0.02512636723860979,0.04132919628454195,911459.0110633463
2026-02-23,2026-02-20,22261188.993361253,0.025170304190892858,0.04140146613986195,921645.8623417135
2026-02-24,2026-02-23,21474061.991896514,0.025196952276797795,0.041445298340614,889998.9058389908
2026-02-25,2026-02-24,21410129.32093652,0.025142406952958263,0.041355579266863306,885428.3002457845
2026-02-26,2026-02-25,21864630.42385454,0.025216748135990667,0.04147785963140602,906898.071613208
2026-02-27,2026-02-26,22612548.610876724,0.02578061417393189,0.042405336729028395,958892.7381457507
2026-03-02,2026-02-27,21816063.5601499,0.025601541042432674,0.042110787639192356,918691.6197045952
2026-03-03,2026-03-02,21403873.37756279,0.025417221431942034,0.04180760885935854,894844.7662443825
2026-03-04,2026-03-03,21277372.265298463,0.025330621191466108,0.04166516413971685,886525.2078955193
2026-03-05,2026-03-04,21446916.992303982,0.025141269434100402,0.04135370821484423,886909.5474077235
2026-03-06,2026-03-05,21876001.655531354,0.025543619222462694,0.042015514723535104,919131.4696500559
2026-03-09,2026-03-06,21178480.82855769,0.024727608338914322,0.04067329626209869,861398.6251211042
2026-03-10,2026-03-09,21512539.223981436,0.02475610397649887,0.040720167414931924,875994.1987208137
2026-03-11,2026-03-10,21189044.669967167,0.024542757724496607,0.0403692440585295,855385.7156489883
2026-03-12,2026-03-11,20957441.962197866,0.024247431356719203,0.03988347541135643,835855.621184248
2026-03-13,2026-03-12,20148386.06654105,0.024237075564305537,0.039866441648644856,803244.4574361278
2026-03-16,2026-03-13,20333097.671072874,0.02444719503740369,0.040212057426063486,817635.6911989402
2026-03-17,2026-03-16,20556386.41381164,0.024632782606165533,0.040517321811658506,832889.723613211
2026-03-18,2026-03-17,20911870.199300155,0.024709693964435783,0.040643829738263096,849938.4918890134
2026-03-19,2026-03-18,20113287.801588845,0.02421609820343668,0.039831936960535844,801151.2117820014
2026-03-20,2026-03-19,20285148.581846703,0.024085279628496003,0.039616759553072055,803631.8538653614
2026-03-23,2026-03-20,19536964.676262356,0.024214603415293575,0.039829478252837135,778147.1096996388
2026-03-24,2026-03-23,20209069.477186564,0.02484342439606835,0.040863796723767706,825819.3070922503
2026-03-25,2026-03-24,20118311.86995309,0.02484601155031019,0.040868052213805885,822196.2199548736
2026-03-26,2026-03-25,20362938.682157155,0.02503504028594409,0.04117897681521135,838524.9798821198
2026-03-27,2026-03-26,19798333.88117034,0.024101784605918816,0.039643907825048716,784883.323474656
2026-03-30,2026-03-27,19642447.22324322,0.02419795857339982,0.03980209992427816,781810.6471368868
2026-03-31,2026-03-30,19371762.678992875,0.023612450949378055,0.03883902558529822,752380.3863217294
2026-04-01,2026-03-31,20552997.21116355,0.024274708783711775,0.03992834278607907,820647.1179286654
2026-04-02,2026-04-01,20402820.887368537,0.02426786882417921,0.03991709205383372,814421.2795189713
2026-04-06,2026-04-02,20506131.653193794,0.023936735985085198,0.039372427002447204,807376.1716179446
2026-04-07,2026-04-06,20664861.371825013,0.023685156156930613,0.038958615009639305,805074.3784124975
2026-04-08,2026-04-07,20737711.910529245,0.02349499863487996,0.03864583371980219,801426.1662234745
2026-04-09,2026-04-08,21626317.55024587,0.024093554556348012,0.03963037059816219,857058.9791897829
2026-04-10,2026-04-09,21324408.349969782,0.02381977372158093,0.03918004119910575,835491.1976983708
2026-04-13,2026-04-10,21582846.670904905,0.02397839026944097,0.03944094220314786,851247.8081265625
2026-04-14,2026-04-13,22323531.639788833,0.02461648425921939,0.04049051341657083,903891.2573661132
2026-04-15,2026-04-14,23044448.559170768,0.024910710461772654,0.040974472452984724,944234.1226819662
2026-04-16,2026-04-15,23127126.72367765,0.02474175103681593,0.04069655893003703,941194.4755925817
2026-04-17,2026-04-16,22976066.9718148,0.02446202377312352,0.04023644852579535,924475.3360366529
2026-04-20,2026-04-17,24038065.381893657,0.02488180551664509,0.04092692804915482,983804.172325641
2026-04-21,2026-04-20,24795936.84595742,0.025090835069972034,0.04127075106808469,1023346.9370694578
2026-04-22,2026-04-21,24662154.39268265,0.02492559286274666,0.040998951824204564,1011122.4798266909
2026-04-23,2026-04-22,25124860.0255091,0.02478352479044941,0.04076527064021243,1024221.7187373331
2026-04-24,2026-04-23,24462968.001812957,0.024784567319440693,0.040766985447804945,997281.4605400268
2026-04-27,2026-04-24,24681879.3563998,0.024763562201206936,0.04073243510289361,1005353.0491020043
2026-04-28,2026-04-27,24614863.086431146,0.024680251931016313,0.040595401902808255,999250.2597762716
2026-04-29,2026-04-28,24397084.22060026,0.024791815943639457,0.04077890837360869,994886.4620150722
2026-04-30,2026-04-29,23920214.180458643,0.024729399377937736,0.04067624225913236,972984.4268946691
2026-05-01,2026-04-30,23939873.40709581,0.02458294535133594,0.04043534682229475,968017.0840977501
2026-05-04,2026-05-01,23657852.529436085,0.024324876358540398,0.04001086110349129,946571.0515621472
2026-05-05,2026-05-04,23280943.365063846,0.023708834623315373,0.03899756262095293,907900.0467539359
2026-05-06,2026-05-05,23373361.843966328,0.023679886993172826,0.03894994800652131,910391.2285600975
2026-05-07,2026-05-06,24093954.16269423,0.02382080069330766,0.03918173041727525,944042.8166888721
2026-05-08,2026-05-07,24349959.59686547,0.024050955671209788,0.03956030166743849,963291.7472419371
2026-05-11,2026-05-08,24246619.045113754,0.02369649148264805,0.03897725996125831,945066.7737029955
2026-05-12,2026-05-11,23627485.614887968,0.02383714463120709,0.03920861380280779,926400.9586055388
2026-05-13,2026-05-12,23109396.167574573,0.02380236589250489,0.03915140786831268,904765.394947134
2026-05-14,2026-05-13,22411406.60277431,0.023688308665685474,0.038963800425098734,873233.5741162383
2026-05-15,2026-05-14,22448709.880566847,0.023493174872338814,0.038642833897371685,867481.7671250312
2026-05-18,2026-05-15,21906934.15161467,0.023384245126181653,0.03846366040932218,842620.8758170891
2026-05-19,2026-05-18,21712857.71660967,0.02324267457057056,0.03823079756745573,830099.8679746735
2026-05-20,2026-05-19,21201260.63437475,0.023126269424020084,0.03803932813995636,806481.7102517205
2026-05-21,2026-05-20,21789005.904201426,0.02336685244651045,0.03843505199708259,837461.5748927213
2026-05-22,2026-05-21,21966562.362240944,0.023230361148446777,0.03821054379041524,839354.2930672949
2026-05-26,2026-05-22,22894655.008037325,0.023788092196824383,0.039127929728202594,895820.452305926
2026-05-27,2026-05-26,23391578.703851815,0.023999837361893244,0.03947621953095555,923411.0960888789
2026-05-28,2026-05-27,24004536.456797242,0.024294337081909416,0.03996062846356034,959236.3627900637
2026-05-29,2026-05-28,24243596.108978342,0.024244883848320666,0.039879285132927406,966817.2818774767
2026-06-01,2026-05-29,24087376.430232733,0.023838901558316635,0.03921150369073621,944502.2497942233
2026-06-02,2026-06-01,23860991.386163566,0.023602643678173992,0.038822894059687724,926352.7407441494
2026-06-03,2026-06-02,23055566.81823566,0.02340972321200528,0.03850556813119695,887767.698922937
2026-06-04,2026-06-03,22779391.95596127,0.023147956125698452,0.038074999589868645,867325.3393806824
2026-06-05,2026-06-04,23262560.260532968,0.023400078509993667,0.03848970400811228,895369.0588987892
2026-06-08,2026-06-05,22889602.86516783,0.02359130451414843,0.038804242794613676,888213.7070522574
2026-06-09,2026-06-08,23353903.76217142,0.023893352862544775,0.03930106811598811,917833.36253133
2026-06-10,2026-06-09,23582990.493783273,0.023723087605093538,0.039021006689725614,920232.0298216527
2026-06-11,2026-06-10,23023605.6723851,0.023671131466664958,0.038935546446988975,896436.6680343089
2026-06-12,2026-06-11,23754411.63329183,0.02363851378671914,0.03888189513782735,923616.5421864392
2026-06-15,2026-06-12,23404698.144370195,0.023296159565365685,0.038318772555131976,896839.3049156409
2026-06-16,2026-06-15,23977237.984142333,0.023951115218853954,0.03939607873726453,944609.1555254011
2026-06-17,2026-06-16,24113111.167987686,0.023953863069872423,0.03940059854997858,950071.0129208879
2026-06-18,2026-06-17,22753325.499686144,0.02401485567715158,0.039500922461278926,898777.3462993429
2026-06-22,2026-06-18,23504574.864736773,0.024608622138767446,0.040477581379229924,951408.3418715849
2026-06-23,2026-06-22,23507986.257683292,0.0245566364335885,0.04039207250351671,949536.2853320179
2026-06-24,2026-06-23,23182994.81934084,0.023476501101855632,0.038615407985517464,895220.8032749842
2026-06-25,2026-06-24,23902454.40895641,0.023926815963638846,0.03935611001919174,940707.6254476031
2026-06-26,2026-06-25,23840928.89725305,0.02341497058297601,0.03851419928837011,918214.2867686659
2026-06-29,2026-06-26,23685082.035122626,0.022896569548220034,0.03766150546613635,892015.8465316587
2026-06-30,2026-06-29,23924790.162467707,0.023100592482565664,0.03799709332967604,909072.4846962006
2026-07-01,2026-06-30,24104442.392239068,0.023229832431359423,0.03820967412819648,921022.8888493396
2026-07-02,2026-07-01,24630023.910594888,0.023185094316393078,0.03813608647753111,939292.7217981056
2026-07-06,2026-07-02,24658774.79625817,0.022919819518434775,0.03769974826397058,929629.6023168755
2026-07-07,2026-07-06,24694085.639030762,0.023162592865217102,0.03809907488395264,940821.8179521724
2026-07-08,2026-07-07,24119014.195742313,0.022990559981409576,0.03781610597106691,912087.1967438584
2026-07-09,2026-07-08,23653974.385892097,0.022727933252637982,0.03738412344371255,884283.098376605
2026-07-10,2026-07-09,23892643.985060923,0.022449138288183134,0.036925546535253186,882248.9373206042
2026-07-13,2026-07-10,23670709.50014536,0.02234649324420427,0.03675671046237596,870057.4155358551
2026-07-14,2026-07-13,23456937.034713954,0.022222215716157248,0.03655229211961925,857404.8147243798
2026-07-15,2026-07-14,24294971.00893161,0.02290600560948029,0.037677026405724415,915362.2642298255
2026-07-16,2026-07-15,24431863.100208763,0.022395213156150822,0.036836847586246,899992.8172704179
2026-07-17,2026-07-16,24286522.289614573,0.022423775945646037,0.036883829194143056,895779.939849892
2026-07-20,2026-07-17,23745049.014082134,0.021947722840528865,0.036100791517569564,857215.0640318498
2026-07-21,2026-07-20,23119761.601194292,0.02190504356924483,0.03603059036340238,833018.6595521515
2026-07-22,2026-07-21,23252266.591278564,0.021926354561733783,0.036065643826691765,838607.965044337
2026-07-23,2026-07-22,22797249.275245853,0.021541766724681784,0.035433053128035366,807776.1447428521
2026-07-24,2026-07-23,22059825.42357315,0.02147194846674376,0.03531821231323857,779113.5979027345
2026-07-27,2026-07-24,22220973.259157058,0.021401017049975893,0.03520154051510314,782212.4904672406
2026-07-28,2026-07-27,23091648.365034513,0.022012100824666873,0.03620668387827479,836072.0125810856
2026-07-29,2026-07-28,23527529.379965767,0.02213394000911758,0.036407091502723345,856568.9149694255
2026-07-30,2026-07-29,23334612.442612313,0.022117293447898,0.036379710346125055,848906.4417013216
2026-07-31,2026-07-30,22621978.08735119,0.021693079829023798,0.03568194103651761,807196.0882422586
